[2026-08-18 01:42:03] production.ERROR: Attempt to read property "meta_title" on null (View: /home/1216096.cloudwaysapps.com/fcmhbgzmxb/public_html/resources/views/frontend/blog/details.blade.php) {"exception":"[object] (Illuminate\\View\\ViewException(code: 0): Attempt to read property \"meta_title\" on null (View: /home/1216096.cloudwaysapps.com/fcmhbgzmxb/public_html/resources/views/frontend/blog/details.blade.php) at /home/1216096.cloudwaysapps.com/fcmhbgzmxb/public_html/storage/framework/views/8cbc4f9eae0878dd9bd3a8fa0f659a04.php:3)
[stacktrace]
#0 /home/1216096.cloudwaysapps.com/fcmhbgzmxb/public_html/vendor/laravel/framework/src/Illuminate/View/Engines/PhpEngine.php(60): Illuminate\\View\\Engines\\CompilerEngine->handleViewException()
#1 /home/1216096.cloudwaysapps.com/fcmhbgzmxb/public_html/vendor/laravel/framework/src/Illuminate/View/Engines/CompilerEngine.php(72): Illuminate\\View\\Engines\\PhpEngine->evaluatePath()
#2 /home/1216096.cloudwaysapps.com/fcmhbgzmxb/public_html/vendor/laravel/framework/src/Illuminate/View/View.php(207): Illuminate\\View\\Engines\\CompilerEngine->get()
#3 /home/1216096.cloudwaysapps.com/fcmhbgzmxb/public_html/vendor/laravel/framework/src/Illuminate/View/View.php(190): Illuminate\\View\\View->getContents()
#4 /home/1216096.cloudwaysapps.com/fcmhbgzmxb/public_html/vendor/laravel/framework/src/Illuminate/View/View.php(159): Illuminate\\View\\View->renderContents()
#5 /home/1216096.cloudwaysapps.com/fcmhbgzmxb/public_html/vendor/laravel/framework/src/Illuminate/Http/Response.php(69): Illuminate\\View\\View->render()
#6 /home/1216096.cloudwaysapps.com/fcmhbgzmxb/public_html/vendor/laravel/framework/src/Illuminate/Http/Response.php(35): Illuminate\\Http\\Response->setContent()
#7 /home/1216096.cloudwaysapps.com/fcmhbgzmxb/public_html/vendor/laravel/framework/src/Illuminate/Routing/Router.php(918): Illuminate\\Http\\Response->__construct()
#8 /home/1216096.cloudwaysapps.com/fcmhbgzmxb/public_html/vendor/laravel/framework/src/Illuminate/Routing/Router.php(885): Illuminate\\Routing\\Router::toResponse()
#9 /home/1216096.cloudwaysapps.com/fcmhbgzmxb/public_html/vendor/laravel/framework/src/Illuminate/Routing/Router.php(805): Illuminate\\Routing\\Router->prepareResponse()
#10 /home/1216096.cloudwaysapps.com/fcmhbgzmxb/public_html/vendor/laravel/framework/src/Illuminate/Pipeline/Pipeline.php(144): Illuminate\\Routing\\Router->{closure:Illuminate\\Routing\\Router::runRouteWithinStack():805}()
#11 /home/1216096.cloudwaysapps.com/fcmhbgzmxb/public_html/app/Http/Middleware/CheckForMaintenanceMode.php(64): Illuminate\\Pipeline\\Pipeline->{closure:Illuminate\\Pipeline\\Pipeline::prepareDestination():142}()
#12 /home/1216096.cloudwaysapps.com/fcmhbgzmxb/public_html/vendor/laravel/framework/src/Illuminate/Pipeline/Pipeline.php(183): App\\Http\\Middleware\\CheckForMaintenanceMode->handle()
#13 /home/1216096.cloudwaysapps.com/fcmhbgzmxb/public_html/app/Http/Middleware/HttpsProtocol.php(20): Illuminate\\Pipeline\\Pipeline->{closure:{closure:Illuminate\\Pipeline\\Pipeline::carry():158}:159}()
#14 /home/1216096.cloudwaysapps.com/fcmhbgzmxb/public_html/vendor/laravel/framework/src/Illuminate/Pipeline/Pipeline.php(183): App\\Http\\Middleware\\HttpsProtocol->handle()
#15 /home/1216096.cloudwaysapps.com/fcmhbgzmxb/public_html/app/Http/Middleware/Language.php(35): Illuminate\\Pipeline\\Pipeline->{closure:{closure:Illuminate\\Pipeline\\Pipeline::carry():158}:159}()
#16 /home/1216096.cloudwaysapps.com/fcmhbgzmxb/public_html/vendor/laravel/framework/src/Illuminate/Pipeline/Pipeline.php(183): App\\Http\\Middleware\\Language->handle()
#17 /home/1216096.cloudwaysapps.com/fcmhbgzmxb/public_html/vendor/laravel/framework/src/Illuminate/Routing/Middleware/SubstituteBindings.php(50): Illuminate\\Pipeline\\Pipeline->{closure:{closure:Illuminate\\Pipeline\\Pipeline::carry():158}:159}()
#18 /home/1216096.cloudwaysapps.com/fcmhbgzmxb/public_html/vendor/laravel/framework/src/Illuminate/Pipeline/Pipeline.php(183): Illuminate\\Routing\\Middleware\\SubstituteBindings->handle()
#19 /home/1216096.cloudwaysapps.com/fcmhbgzmxb/public_html/vendor/laravel/framework/src/Illuminate/Foundation/Http/Middleware/VerifyCsrfToken.php(78): Illuminate\\Pipeline\\Pipeline->{closure:{closure:Illuminate\\Pipeline\\Pipeline::carry():158}:159}()
#20 /home/1216096.cloudwaysapps.com/fcmhbgzmxb/public_html/vendor/laravel/framework/src/Illuminate/Pipeline/Pipeline.php(183): Illuminate\\Foundation\\Http\\Middleware\\VerifyCsrfToken->handle()
#21 /home/1216096.cloudwaysapps.com/fcmhbgzmxb/public_html/vendor/laravel/framework/src/Illuminate/Cookie/Middleware/AddQueuedCookiesToResponse.php(37): Illuminate\\Pipeline\\Pipeline->{closure:{closure:Illuminate\\Pipeline\\Pipeline::carry():158}:159}()
#22 /home/1216096.cloudwaysapps.com/fcmhbgzmxb/public_html/vendor/laravel/framework/src/Illuminate/Pipeline/Pipeline.php(183): Illuminate\\Cookie\\Middleware\\AddQueuedCookiesToResponse->handle()
#23 /home/1216096.cloudwaysapps.com/fcmhbgzmxb/public_html/vendor/laravel/framework/src/Illuminate/Pipeline/Pipeline.php(119): Illuminate\\Pipeline\\Pipeline->{closure:{closure:Illuminate\\Pipeline\\Pipeline::carry():158}:159}()
#24 /home/1216096.cloudwaysapps.com/fcmhbgzmxb/public_html/vendor/laravel/framework/src/Illuminate/Routing/Router.php(805): Illuminate\\Pipeline\\Pipeline->then()
#25 /home/1216096.cloudwaysapps.com/fcmhbgzmxb/public_html/vendor/laravel/framework/src/Illuminate/Routing/Router.php(784): Illuminate\\Routing\\Router->runRouteWithinStack()
#26 /home/1216096.cloudwaysapps.com/fcmhbgzmxb/public_html/vendor/laravel/framework/src/Illuminate/Routing/Router.php(748): Illuminate\\Routing\\Router->runRoute()
#27 /home/1216096.cloudwaysapps.com/fcmhbgzmxb/public_html/vendor/laravel/framework/src/Illuminate/Routing/Router.php(737): Illuminate\\Routing\\Router->dispatchToRoute()
#28 /home/1216096.cloudwaysapps.com/fcmhbgzmxb/public_html/vendor/laravel/framework/src/Illuminate/Foundation/Http/Kernel.php(200): Illuminate\\Routing\\Router->dispatch()
#29 /home/1216096.cloudwaysapps.com/fcmhbgzmxb/public_html/vendor/laravel/framework/src/Illuminate/Pipeline/Pipeline.php(144): Illuminate\\Foundation\\Http\\Kernel->{closure:Illuminate\\Foundation\\Http\\Kernel::dispatchToRouter():197}()
#30 /home/1216096.cloudwaysapps.com/fcmhbgzmxb/public_html/vendor/laravel/framework/src/Illuminate/View/Middleware/ShareErrorsFromSession.php(49): Illuminate\\Pipeline\\Pipeline->{closure:Illuminate\\Pipeline\\Pipeline::prepareDestination():142}()
#31 /home/1216096.cloudwaysapps.com/fcmhbgzmxb/public_html/vendor/laravel/framework/src/Illuminate/Pipeline/Pipeline.php(183): Illuminate\\View\\Middleware\\ShareErrorsFromSession->handle()
#32 /home/1216096.cloudwaysapps.com/fcmhbgzmxb/public_html/vendor/laravel/framework/src/Illuminate/Session/Middleware/StartSession.php(121): Illuminate\\Pipeline\\Pipeline->{closure:{closure:Illuminate\\Pipeline\\Pipeline::carry():158}:159}()
#33 /home/1216096.cloudwaysapps.com/fcmhbgzmxb/public_html/vendor/laravel/framework/src/Illuminate/Session/Middleware/StartSession.php(64): Illuminate\\Session\\Middleware\\StartSession->handleStatefulRequest()
#34 /home/1216096.cloudwaysapps.com/fcmhbgzmxb/public_html/vendor/laravel/framework/src/Illuminate/Pipeline/Pipeline.php(183): Illuminate\\Session\\Middleware\\StartSession->handle()
#35 /home/1216096.cloudwaysapps.com/fcmhbgzmxb/public_html/vendor/laravel/framework/src/Illuminate/Http/Middleware/TrustProxies.php(39): Illuminate\\Pipeline\\Pipeline->{closure:{closure:Illuminate\\Pipeline\\Pipeline::carry():158}:159}()
#36 /home/1216096.cloudwaysapps.com/fcmhbgzmxb/public_html/vendor/laravel/framework/src/Illuminate/Pipeline/Pipeline.php(183): Illuminate\\Http\\Middleware\\TrustProxies->handle()
#37 /home/1216096.cloudwaysapps.com/fcmhbgzmxb/public_html/vendor/laravel/framework/src/Illuminate/Foundation/Http/Middleware/TransformsRequest.php(21): Illuminate\\Pipeline\\Pipeline->{closure:{closure:Illuminate\\Pipeline\\Pipeline::carry():158}:159}()
#38 /home/1216096.cloudwaysapps.com/fcmhbgzmxb/public_html/vendor/laravel/framework/src/Illuminate/Foundation/Http/Middleware/ConvertEmptyStringsToNull.php(31): Illuminate\\Foundation\\Http\\Middleware\\TransformsRequest->handle()
#39 /home/1216096.cloudwaysapps.com/fcmhbgzmxb/public_html/vendor/laravel/framework/src/Illuminate/Pipeline/Pipeline.php(183): Illuminate\\Foundation\\Http\\Middleware\\ConvertEmptyStringsToNull->handle()
#40 /home/1216096.cloudwaysapps.com/fcmhbgzmxb/public_html/vendor/laravel/framework/src/Illuminate/Foundation/Http/Middleware/TransformsRequest.php(21): Illuminate\\Pipeline\\Pipeline->{closure:{closure:Illuminate\\Pipeline\\Pipeline::carry():158}:159}()
#41 /home/1216096.cloudwaysapps.com/fcmhbgzmxb/public_html/vendor/laravel/framework/src/Illuminate/Foundation/Http/Middleware/TrimStrings.php(40): Illuminate\\Foundation\\Http\\Middleware\\TransformsRequest->handle()
#42 /home/1216096.cloudwaysapps.com/fcmhbgzmxb/public_html/vendor/laravel/framework/src/Illuminate/Pipeline/Pipeline.php(183): Illuminate\\Foundation\\Http\\Middleware\\TrimStrings->handle()
#43 /home/1216096.cloudwaysapps.com/fcmhbgzmxb/public_html/vendor/laravel/framework/src/Illuminate/Foundation/Http/Middleware/ValidatePostSize.php(27): Illuminate\\Pipeline\\Pipeline->{closure:{closure:Illuminate\\Pipeline\\Pipeline::carry():158}:159}()
#44 /home/1216096.cloudwaysapps.com/fcmhbgzmxb/public_html/vendor/laravel/framework/src/Illuminate/Pipeline/Pipeline.php(183): Illuminate\\Foundation\\Http\\Middleware\\ValidatePostSize->handle()
#45 /home/1216096.cloudwaysapps.com/fcmhbgzmxb/public_html/vendor/laravel/framework/src/Illuminate/Pipeline/Pipeline.php(119): Illuminate\\Pipeline\\Pipeline->{closure:{closure:Illuminate\\Pipeline\\Pipeline::carry():158}:159}()
#46 /home/1216096.cloudwaysapps.com/fcmhbgzmxb/public_html/vendor/laravel/framework/src/Illuminate/Foundation/Http/Kernel.php(175): Illuminate\\Pipeline\\Pipeline->then()
#47 /home/1216096.cloudwaysapps.com/fcmhbgzmxb/public_html/vendor/laravel/framework/src/Illuminate/Foundation/Http/Kernel.php(144): Illuminate\\Foundation\\Http\\Kernel->sendRequestThroughRouter()
#48 /home/1216096.cloudwaysapps.com/fcmhbgzmxb/public_html/index.php(56): Illuminate\\Foundation\\Http\\Kernel->handle()
#49 {main}

[previous exception] [object] (ErrorException(code: 0): Attempt to read property \"meta_title\" on null at /home/1216096.cloudwaysapps.com/fcmhbgzmxb/public_html/storage/framework/views/8cbc4f9eae0878dd9bd3a8fa0f659a04.php:3)
[stacktrace]
#0 /home/1216096.cloudwaysapps.com/fcmhbgzmxb/public_html/vendor/laravel/framework/src/Illuminate/Foundation/Bootstrap/HandleExceptions.php(255): Illuminate\\Foundation\\Bootstrap\\HandleExceptions->handleError()
#1 /home/1216096.cloudwaysapps.com/fcmhbgzmxb/public_html/storage/framework/views/8cbc4f9eae0878dd9bd3a8fa0f659a04.php(3): Illuminate\\Foundation\\Bootstrap\\HandleExceptions->{closure:Illuminate\\Foundation\\Bootstrap\\HandleExceptions::forwardsTo():254}()
#2 /home/1216096.cloudwaysapps.com/fcmhbgzmxb/public_html/vendor/laravel/framework/src/Illuminate/Filesystem/Filesystem.php(123): require('/home/1216096.c...')
#3 /home/1216096.cloudwaysapps.com/fcmhbgzmxb/public_html/vendor/laravel/framework/src/Illuminate/Filesystem/Filesystem.php(124): Illuminate\\Filesystem\\Filesystem::{closure:Illuminate\\Filesystem\\Filesystem::getRequire():120}()
#4 /home/1216096.cloudwaysapps.com/fcmhbgzmxb/public_html/vendor/laravel/framework/src/Illuminate/View/Engines/PhpEngine.php(58): Illuminate\\Filesystem\\Filesystem->getRequire()
#5 /home/1216096.cloudwaysapps.com/fcmhbgzmxb/public_html/vendor/laravel/framework/src/Illuminate/View/Engines/CompilerEngine.php(72): Illuminate\\View\\Engines\\PhpEngine->evaluatePath()
#6 /home/1216096.cloudwaysapps.com/fcmhbgzmxb/public_html/vendor/laravel/framework/src/Illuminate/View/View.php(207): Illuminate\\View\\Engines\\CompilerEngine->get()
#7 /home/1216096.cloudwaysapps.com/fcmhbgzmxb/public_html/vendor/laravel/framework/src/Illuminate/View/View.php(190): Illuminate\\View\\View->getContents()
#8 /home/1216096.cloudwaysapps.com/fcmhbgzmxb/public_html/vendor/laravel/framework/src/Illuminate/View/View.php(159): Illuminate\\View\\View->renderContents()
#9 /home/1216096.cloudwaysapps.com/fcmhbgzmxb/public_html/vendor/laravel/framework/src/Illuminate/Http/Response.php(69): Illuminate\\View\\View->render()
#10 /home/1216096.cloudwaysapps.com/fcmhbgzmxb/public_html/vendor/laravel/framework/src/Illuminate/Http/Response.php(35): Illuminate\\Http\\Response->setContent()
#11 /home/1216096.cloudwaysapps.com/fcmhbgzmxb/public_html/vendor/laravel/framework/src/Illuminate/Routing/Router.php(918): Illuminate\\Http\\Response->__construct()
#12 /home/1216096.cloudwaysapps.com/fcmhbgzmxb/public_html/vendor/laravel/framework/src/Illuminate/Routing/Router.php(885): Illuminate\\Routing\\Router::toResponse()
#13 /home/1216096.cloudwaysapps.com/fcmhbgzmxb/public_html/vendor/laravel/framework/src/Illuminate/Routing/Router.php(805): Illuminate\\Routing\\Router->prepareResponse()
#14 /home/1216096.cloudwaysapps.com/fcmhbgzmxb/public_html/vendor/laravel/framework/src/Illuminate/Pipeline/Pipeline.php(144): Illuminate\\Routing\\Router->{closure:Illuminate\\Routing\\Router::runRouteWithinStack():805}()
#15 /home/1216096.cloudwaysapps.com/fcmhbgzmxb/public_html/app/Http/Middleware/CheckForMaintenanceMode.php(64): Illuminate\\Pipeline\\Pipeline->{closure:Illuminate\\Pipeline\\Pipeline::prepareDestination():142}()
#16 /home/1216096.cloudwaysapps.com/fcmhbgzmxb/public_html/vendor/laravel/framework/src/Illuminate/Pipeline/Pipeline.php(183): App\\Http\\Middleware\\CheckForMaintenanceMode->handle()
#17 /home/1216096.cloudwaysapps.com/fcmhbgzmxb/public_html/app/Http/Middleware/HttpsProtocol.php(20): Illuminate\\Pipeline\\Pipeline->{closure:{closure:Illuminate\\Pipeline\\Pipeline::carry():158}:159}()
#18 /home/1216096.cloudwaysapps.com/fcmhbgzmxb/public_html/vendor/laravel/framework/src/Illuminate/Pipeline/Pipeline.php(183): App\\Http\\Middleware\\HttpsProtocol->handle()
#19 /home/1216096.cloudwaysapps.com/fcmhbgzmxb/public_html/app/Http/Middleware/Language.php(35): Illuminate\\Pipeline\\Pipeline->{closure:{closure:Illuminate\\Pipeline\\Pipeline::carry():158}:159}()
#20 /home/1216096.cloudwaysapps.com/fcmhbgzmxb/public_html/vendor/laravel/framework/src/Illuminate/Pipeline/Pipeline.php(183): App\\Http\\Middleware\\Language->handle()
#21 /home/1216096.cloudwaysapps.com/fcmhbgzmxb/public_html/vendor/laravel/framework/src/Illuminate/Routing/Middleware/SubstituteBindings.php(50): Illuminate\\Pipeline\\Pipeline->{closure:{closure:Illuminate\\Pipeline\\Pipeline::carry():158}:159}()
#22 /home/1216096.cloudwaysapps.com/fcmhbgzmxb/public_html/vendor/laravel/framework/src/Illuminate/Pipeline/Pipeline.php(183): Illuminate\\Routing\\Middleware\\SubstituteBindings->handle()
#23 /home/1216096.cloudwaysapps.com/fcmhbgzmxb/public_html/vendor/laravel/framework/src/Illuminate/Foundation/Http/Middleware/VerifyCsrfToken.php(78): Illuminate\\Pipeline\\Pipeline->{closure:{closure:Illuminate\\Pipeline\\Pipeline::carry():158}:159}()
#24 /home/1216096.cloudwaysapps.com/fcmhbgzmxb/public_html/vendor/laravel/framework/src/Illuminate/Pipeline/Pipeline.php(183): Illuminate\\Foundation\\Http\\Middleware\\VerifyCsrfToken->handle()
#25 /home/1216096.cloudwaysapps.com/fcmhbgzmxb/public_html/vendor/laravel/framework/src/Illuminate/Cookie/Middleware/AddQueuedCookiesToResponse.php(37): Illuminate\\Pipeline\\Pipeline->{closure:{closure:Illuminate\\Pipeline\\Pipeline::carry():158}:159}()
#26 /home/1216096.cloudwaysapps.com/fcmhbgzmxb/public_html/vendor/laravel/framework/src/Illuminate/Pipeline/Pipeline.php(183): Illuminate\\Cookie\\Middleware\\AddQueuedCookiesToResponse->handle()
#27 /home/1216096.cloudwaysapps.com/fcmhbgzmxb/public_html/vendor/laravel/framework/src/Illuminate/Pipeline/Pipeline.php(119): Illuminate\\Pipeline\\Pipeline->{closure:{closure:Illuminate\\Pipeline\\Pipeline::carry():158}:159}()
#28 /home/1216096.cloudwaysapps.com/fcmhbgzmxb/public_html/vendor/laravel/framework/src/Illuminate/Routing/Router.php(805): Illuminate\\Pipeline\\Pipeline->then()
#29 /home/1216096.cloudwaysapps.com/fcmhbgzmxb/public_html/vendor/laravel/framework/src/Illuminate/Routing/Router.php(784): Illuminate\\Routing\\Router->runRouteWithinStack()
#30 /home/1216096.cloudwaysapps.com/fcmhbgzmxb/public_html/vendor/laravel/framework/src/Illuminate/Routing/Router.php(748): Illuminate\\Routing\\Router->runRoute()
#31 /home/1216096.cloudwaysapps.com/fcmhbgzmxb/public_html/vendor/laravel/framework/src/Illuminate/Routing/Router.php(737): Illuminate\\Routing\\Router->dispatchToRoute()
#32 /home/1216096.cloudwaysapps.com/fcmhbgzmxb/public_html/vendor/laravel/framework/src/Illuminate/Foundation/Http/Kernel.php(200): Illuminate\\Routing\\Router->dispatch()
#33 /home/1216096.cloudwaysapps.com/fcmhbgzmxb/public_html/vendor/laravel/framework/src/Illuminate/Pipeline/Pipeline.php(144): Illuminate\\Foundation\\Http\\Kernel->{closure:Illuminate\\Foundation\\Http\\Kernel::dispatchToRouter():197}()
#34 /home/1216096.cloudwaysapps.com/fcmhbgzmxb/public_html/vendor/laravel/framework/src/Illuminate/View/Middleware/ShareErrorsFromSession.php(49): Illuminate\\Pipeline\\Pipeline->{closure:Illuminate\\Pipeline\\Pipeline::prepareDestination():142}()
#35 /home/1216096.cloudwaysapps.com/fcmhbgzmxb/public_html/vendor/laravel/framework/src/Illuminate/Pipeline/Pipeline.php(183): Illuminate\\View\\Middleware\\ShareErrorsFromSession->handle()
#36 /home/1216096.cloudwaysapps.com/fcmhbgzmxb/public_html/vendor/laravel/framework/src/Illuminate/Session/Middleware/StartSession.php(121): Illuminate\\Pipeline\\Pipeline->{closure:{closure:Illuminate\\Pipeline\\Pipeline::carry():158}:159}()
#37 /home/1216096.cloudwaysapps.com/fcmhbgzmxb/public_html/vendor/laravel/framework/src/Illuminate/Session/Middleware/StartSession.php(64): Illuminate\\Session\\Middleware\\StartSession->handleStatefulRequest()
#38 /home/1216096.cloudwaysapps.com/fcmhbgzmxb/public_html/vendor/laravel/framework/src/Illuminate/Pipeline/Pipeline.php(183): Illuminate\\Session\\Middleware\\StartSession->handle()
#39 /home/1216096.cloudwaysapps.com/fcmhbgzmxb/public_html/vendor/laravel/framework/src/Illuminate/Http/Middleware/TrustProxies.php(39): Illuminate\\Pipeline\\Pipeline->{closure:{closure:Illuminate\\Pipeline\\Pipeline::carry():158}:159}()
#40 /home/1216096.cloudwaysapps.com/fcmhbgzmxb/public_html/vendor/laravel/framework/src/Illuminate/Pipeline/Pipeline.php(183): Illuminate\\Http\\Middleware\\TrustProxies->handle()
#41 /home/1216096.cloudwaysapps.com/fcmhbgzmxb/public_html/vendor/laravel/framework/src/Illuminate/Foundation/Http/Middleware/TransformsRequest.php(21): Illuminate\\Pipeline\\Pipeline->{closure:{closure:Illuminate\\Pipeline\\Pipeline::carry():158}:159}()
#42 /home/1216096.cloudwaysapps.com/fcmhbgzmxb/public_html/vendor/laravel/framework/src/Illuminate/Foundation/Http/Middleware/ConvertEmptyStringsToNull.php(31): Illuminate\\Foundation\\Http\\Middleware\\TransformsRequest->handle()
#43 /home/1216096.cloudwaysapps.com/fcmhbgzmxb/public_html/vendor/laravel/framework/src/Illuminate/Pipeline/Pipeline.php(183): Illuminate\\Foundation\\Http\\Middleware\\ConvertEmptyStringsToNull->handle()
#44 /home/1216096.cloudwaysapps.com/fcmhbgzmxb/public_html/vendor/laravel/framework/src/Illuminate/Foundation/Http/Middleware/TransformsRequest.php(21): Illuminate\\Pipeline\\Pipeline->{closure:{closure:Illuminate\\Pipeline\\Pipeline::carry():158}:159}()
#45 /home/1216096.cloudwaysapps.com/fcmhbgzmxb/public_html/vendor/laravel/framework/src/Illuminate/Foundation/Http/Middleware/TrimStrings.php(40): Illuminate\\Foundation\\Http\\Middleware\\TransformsRequest->handle()
#46 /home/1216096.cloudwaysapps.com/fcmhbgzmxb/public_html/vendor/laravel/framework/src/Illuminate/Pipeline/Pipeline.php(183): Illuminate\\Foundation\\Http\\Middleware\\TrimStrings->handle()
#47 /home/1216096.cloudwaysapps.com/fcmhbgzmxb/public_html/vendor/laravel/framework/src/Illuminate/Foundation/Http/Middleware/ValidatePostSize.php(27): Illuminate\\Pipeline\\Pipeline->{closure:{closure:Illuminate\\Pipeline\\Pipeline::carry():158}:159}()
#48 /home/1216096.cloudwaysapps.com/fcmhbgzmxb/public_html/vendor/laravel/framework/src/Illuminate/Pipeline/Pipeline.php(183): Illuminate\\Foundation\\Http\\Middleware\\ValidatePostSize->handle()
#49 /home/1216096.cloudwaysapps.com/fcmhbgzmxb/public_html/vendor/laravel/framework/src/Illuminate/Pipeline/Pipeline.php(119): Illuminate\\Pipeline\\Pipeline->{closure:{closure:Illuminate\\Pipeline\\Pipeline::carry():158}:159}()
#50 /home/1216096.cloudwaysapps.com/fcmhbgzmxb/public_html/vendor/laravel/framework/src/Illuminate/Foundation/Http/Kernel.php(175): Illuminate\\Pipeline\\Pipeline->then()
#51 /home/1216096.cloudwaysapps.com/fcmhbgzmxb/public_html/vendor/laravel/framework/src/Illuminate/Foundation/Http/Kernel.php(144): Illuminate\\Foundation\\Http\\Kernel->sendRequestThroughRouter()
#52 /home/1216096.cloudwaysapps.com/fcmhbgzmxb/public_html/index.php(56): Illuminate\\Foundation\\Http\\Kernel->handle()
#53 {main}
"} 
[2026-08-18 01:43:30] production.ERROR: Attempt to read property "meta_title" on null (View: /home/1216096.cloudwaysapps.com/fcmhbgzmxb/public_html/resources/views/frontend/blog/details.blade.php) {"exception":"[object] (Illuminate\\View\\ViewException(code: 0): Attempt to read property \"meta_title\" on null (View: /home/1216096.cloudwaysapps.com/fcmhbgzmxb/public_html/resources/views/frontend/blog/details.blade.php) at /home/1216096.cloudwaysapps.com/fcmhbgzmxb/public_html/storage/framework/views/8cbc4f9eae0878dd9bd3a8fa0f659a04.php:3)
[stacktrace]
#0 /home/1216096.cloudwaysapps.com/fcmhbgzmxb/public_html/vendor/laravel/framework/src/Illuminate/View/Engines/PhpEngine.php(60): Illuminate\\View\\Engines\\CompilerEngine->handleViewException()
#1 /home/1216096.cloudwaysapps.com/fcmhbgzmxb/public_html/vendor/laravel/framework/src/Illuminate/View/Engines/CompilerEngine.php(72): Illuminate\\View\\Engines\\PhpEngine->evaluatePath()
#2 /home/1216096.cloudwaysapps.com/fcmhbgzmxb/public_html/vendor/laravel/framework/src/Illuminate/View/View.php(207): Illuminate\\View\\Engines\\CompilerEngine->get()
#3 /home/1216096.cloudwaysapps.com/fcmhbgzmxb/public_html/vendor/laravel/framework/src/Illuminate/View/View.php(190): Illuminate\\View\\View->getContents()
#4 /home/1216096.cloudwaysapps.com/fcmhbgzmxb/public_html/vendor/laravel/framework/src/Illuminate/View/View.php(159): Illuminate\\View\\View->renderContents()
#5 /home/1216096.cloudwaysapps.com/fcmhbgzmxb/public_html/vendor/laravel/framework/src/Illuminate/Http/Response.php(69): Illuminate\\View\\View->render()
#6 /home/1216096.cloudwaysapps.com/fcmhbgzmxb/public_html/vendor/laravel/framework/src/Illuminate/Http/Response.php(35): Illuminate\\Http\\Response->setContent()
#7 /home/1216096.cloudwaysapps.com/fcmhbgzmxb/public_html/vendor/laravel/framework/src/Illuminate/Routing/Router.php(918): Illuminate\\Http\\Response->__construct()
#8 /home/1216096.cloudwaysapps.com/fcmhbgzmxb/public_html/vendor/laravel/framework/src/Illuminate/Routing/Router.php(885): Illuminate\\Routing\\Router::toResponse()
#9 /home/1216096.cloudwaysapps.com/fcmhbgzmxb/public_html/vendor/laravel/framework/src/Illuminate/Routing/Router.php(805): Illuminate\\Routing\\Router->prepareResponse()
#10 /home/1216096.cloudwaysapps.com/fcmhbgzmxb/public_html/vendor/laravel/framework/src/Illuminate/Pipeline/Pipeline.php(144): Illuminate\\Routing\\Router->{closure:Illuminate\\Routing\\Router::runRouteWithinStack():805}()
#11 /home/1216096.cloudwaysapps.com/fcmhbgzmxb/public_html/app/Http/Middleware/CheckForMaintenanceMode.php(64): Illuminate\\Pipeline\\Pipeline->{closure:Illuminate\\Pipeline\\Pipeline::prepareDestination():142}()
#12 /home/1216096.cloudwaysapps.com/fcmhbgzmxb/public_html/vendor/laravel/framework/src/Illuminate/Pipeline/Pipeline.php(183): App\\Http\\Middleware\\CheckForMaintenanceMode->handle()
#13 /home/1216096.cloudwaysapps.com/fcmhbgzmxb/public_html/app/Http/Middleware/HttpsProtocol.php(20): Illuminate\\Pipeline\\Pipeline->{closure:{closure:Illuminate\\Pipeline\\Pipeline::carry():158}:159}()
#14 /home/1216096.cloudwaysapps.com/fcmhbgzmxb/public_html/vendor/laravel/framework/src/Illuminate/Pipeline/Pipeline.php(183): App\\Http\\Middleware\\HttpsProtocol->handle()
#15 /home/1216096.cloudwaysapps.com/fcmhbgzmxb/public_html/app/Http/Middleware/Language.php(35): Illuminate\\Pipeline\\Pipeline->{closure:{closure:Illuminate\\Pipeline\\Pipeline::carry():158}:159}()
#16 /home/1216096.cloudwaysapps.com/fcmhbgzmxb/public_html/vendor/laravel/framework/src/Illuminate/Pipeline/Pipeline.php(183): App\\Http\\Middleware\\Language->handle()
#17 /home/1216096.cloudwaysapps.com/fcmhbgzmxb/public_html/vendor/laravel/framework/src/Illuminate/Routing/Middleware/SubstituteBindings.php(50): Illuminate\\Pipeline\\Pipeline->{closure:{closure:Illuminate\\Pipeline\\Pipeline::carry():158}:159}()
#18 /home/1216096.cloudwaysapps.com/fcmhbgzmxb/public_html/vendor/laravel/framework/src/Illuminate/Pipeline/Pipeline.php(183): Illuminate\\Routing\\Middleware\\SubstituteBindings->handle()
#19 /home/1216096.cloudwaysapps.com/fcmhbgzmxb/public_html/vendor/laravel/framework/src/Illuminate/Foundation/Http/Middleware/VerifyCsrfToken.php(78): Illuminate\\Pipeline\\Pipeline->{closure:{closure:Illuminate\\Pipeline\\Pipeline::carry():158}:159}()
#20 /home/1216096.cloudwaysapps.com/fcmhbgzmxb/public_html/vendor/laravel/framework/src/Illuminate/Pipeline/Pipeline.php(183): Illuminate\\Foundation\\Http\\Middleware\\VerifyCsrfToken->handle()
#21 /home/1216096.cloudwaysapps.com/fcmhbgzmxb/public_html/vendor/laravel/framework/src/Illuminate/Cookie/Middleware/AddQueuedCookiesToResponse.php(37): Illuminate\\Pipeline\\Pipeline->{closure:{closure:Illuminate\\Pipeline\\Pipeline::carry():158}:159}()
#22 /home/1216096.cloudwaysapps.com/fcmhbgzmxb/public_html/vendor/laravel/framework/src/Illuminate/Pipeline/Pipeline.php(183): Illuminate\\Cookie\\Middleware\\AddQueuedCookiesToResponse->handle()
#23 /home/1216096.cloudwaysapps.com/fcmhbgzmxb/public_html/vendor/laravel/framework/src/Illuminate/Pipeline/Pipeline.php(119): Illuminate\\Pipeline\\Pipeline->{closure:{closure:Illuminate\\Pipeline\\Pipeline::carry():158}:159}()
#24 /home/1216096.cloudwaysapps.com/fcmhbgzmxb/public_html/vendor/laravel/framework/src/Illuminate/Routing/Router.php(805): Illuminate\\Pipeline\\Pipeline->then()
#25 /home/1216096.cloudwaysapps.com/fcmhbgzmxb/public_html/vendor/laravel/framework/src/Illuminate/Routing/Router.php(784): Illuminate\\Routing\\Router->runRouteWithinStack()
#26 /home/1216096.cloudwaysapps.com/fcmhbgzmxb/public_html/vendor/laravel/framework/src/Illuminate/Routing/Router.php(748): Illuminate\\Routing\\Router->runRoute()
#27 /home/1216096.cloudwaysapps.com/fcmhbgzmxb/public_html/vendor/laravel/framework/src/Illuminate/Routing/Router.php(737): Illuminate\\Routing\\Router->dispatchToRoute()
#28 /home/1216096.cloudwaysapps.com/fcmhbgzmxb/public_html/vendor/laravel/framework/src/Illuminate/Foundation/Http/Kernel.php(200): Illuminate\\Routing\\Router->dispatch()
#29 /home/1216096.cloudwaysapps.com/fcmhbgzmxb/public_html/vendor/laravel/framework/src/Illuminate/Pipeline/Pipeline.php(144): Illuminate\\Foundation\\Http\\Kernel->{closure:Illuminate\\Foundation\\Http\\Kernel::dispatchToRouter():197}()
#30 /home/1216096.cloudwaysapps.com/fcmhbgzmxb/public_html/vendor/laravel/framework/src/Illuminate/View/Middleware/ShareErrorsFromSession.php(49): Illuminate\\Pipeline\\Pipeline->{closure:Illuminate\\Pipeline\\Pipeline::prepareDestination():142}()
#31 /home/1216096.cloudwaysapps.com/fcmhbgzmxb/public_html/vendor/laravel/framework/src/Illuminate/Pipeline/Pipeline.php(183): Illuminate\\View\\Middleware\\ShareErrorsFromSession->handle()
#32 /home/1216096.cloudwaysapps.com/fcmhbgzmxb/public_html/vendor/laravel/framework/src/Illuminate/Session/Middleware/StartSession.php(121): Illuminate\\Pipeline\\Pipeline->{closure:{closure:Illuminate\\Pipeline\\Pipeline::carry():158}:159}()
#33 /home/1216096.cloudwaysapps.com/fcmhbgzmxb/public_html/vendor/laravel/framework/src/Illuminate/Session/Middleware/StartSession.php(64): Illuminate\\Session\\Middleware\\StartSession->handleStatefulRequest()
#34 /home/1216096.cloudwaysapps.com/fcmhbgzmxb/public_html/vendor/laravel/framework/src/Illuminate/Pipeline/Pipeline.php(183): Illuminate\\Session\\Middleware\\StartSession->handle()
#35 /home/1216096.cloudwaysapps.com/fcmhbgzmxb/public_html/vendor/laravel/framework/src/Illuminate/Http/Middleware/TrustProxies.php(39): Illuminate\\Pipeline\\Pipeline->{closure:{closure:Illuminate\\Pipeline\\Pipeline::carry():158}:159}()
#36 /home/1216096.cloudwaysapps.com/fcmhbgzmxb/public_html/vendor/laravel/framework/src/Illuminate/Pipeline/Pipeline.php(183): Illuminate\\Http\\Middleware\\TrustProxies->handle()
#37 /home/1216096.cloudwaysapps.com/fcmhbgzmxb/public_html/vendor/laravel/framework/src/Illuminate/Foundation/Http/Middleware/TransformsRequest.php(21): Illuminate\\Pipeline\\Pipeline->{closure:{closure:Illuminate\\Pipeline\\Pipeline::carry():158}:159}()
#38 /home/1216096.cloudwaysapps.com/fcmhbgzmxb/public_html/vendor/laravel/framework/src/Illuminate/Foundation/Http/Middleware/ConvertEmptyStringsToNull.php(31): Illuminate\\Foundation\\Http\\Middleware\\TransformsRequest->handle()
#39 /home/1216096.cloudwaysapps.com/fcmhbgzmxb/public_html/vendor/laravel/framework/src/Illuminate/Pipeline/Pipeline.php(183): Illuminate\\Foundation\\Http\\Middleware\\ConvertEmptyStringsToNull->handle()
#40 /home/1216096.cloudwaysapps.com/fcmhbgzmxb/public_html/vendor/laravel/framework/src/Illuminate/Foundation/Http/Middleware/TransformsRequest.php(21): Illuminate\\Pipeline\\Pipeline->{closure:{closure:Illuminate\\Pipeline\\Pipeline::carry():158}:159}()
#41 /home/1216096.cloudwaysapps.com/fcmhbgzmxb/public_html/vendor/laravel/framework/src/Illuminate/Foundation/Http/Middleware/TrimStrings.php(40): Illuminate\\Foundation\\Http\\Middleware\\TransformsRequest->handle()
#42 /home/1216096.cloudwaysapps.com/fcmhbgzmxb/public_html/vendor/laravel/framework/src/Illuminate/Pipeline/Pipeline.php(183): Illuminate\\Foundation\\Http\\Middleware\\TrimStrings->handle()
#43 /home/1216096.cloudwaysapps.com/fcmhbgzmxb/public_html/vendor/laravel/framework/src/Illuminate/Foundation/Http/Middleware/ValidatePostSize.php(27): Illuminate\\Pipeline\\Pipeline->{closure:{closure:Illuminate\\Pipeline\\Pipeline::carry():158}:159}()
#44 /home/1216096.cloudwaysapps.com/fcmhbgzmxb/public_html/vendor/laravel/framework/src/Illuminate/Pipeline/Pipeline.php(183): Illuminate\\Foundation\\Http\\Middleware\\ValidatePostSize->handle()
#45 /home/1216096.cloudwaysapps.com/fcmhbgzmxb/public_html/vendor/laravel/framework/src/Illuminate/Pipeline/Pipeline.php(119): Illuminate\\Pipeline\\Pipeline->{closure:{closure:Illuminate\\Pipeline\\Pipeline::carry():158}:159}()
#46 /home/1216096.cloudwaysapps.com/fcmhbgzmxb/public_html/vendor/laravel/framework/src/Illuminate/Foundation/Http/Kernel.php(175): Illuminate\\Pipeline\\Pipeline->then()
#47 /home/1216096.cloudwaysapps.com/fcmhbgzmxb/public_html/vendor/laravel/framework/src/Illuminate/Foundation/Http/Kernel.php(144): Illuminate\\Foundation\\Http\\Kernel->sendRequestThroughRouter()
#48 /home/1216096.cloudwaysapps.com/fcmhbgzmxb/public_html/index.php(56): Illuminate\\Foundation\\Http\\Kernel->handle()
#49 {main}

[previous exception] [object] (ErrorException(code: 0): Attempt to read property \"meta_title\" on null at /home/1216096.cloudwaysapps.com/fcmhbgzmxb/public_html/storage/framework/views/8cbc4f9eae0878dd9bd3a8fa0f659a04.php:3)
[stacktrace]
#0 /home/1216096.cloudwaysapps.com/fcmhbgzmxb/public_html/vendor/laravel/framework/src/Illuminate/Foundation/Bootstrap/HandleExceptions.php(255): Illuminate\\Foundation\\Bootstrap\\HandleExceptions->handleError()
#1 /home/1216096.cloudwaysapps.com/fcmhbgzmxb/public_html/storage/framework/views/8cbc4f9eae0878dd9bd3a8fa0f659a04.php(3): Illuminate\\Foundation\\Bootstrap\\HandleExceptions->{closure:Illuminate\\Foundation\\Bootstrap\\HandleExceptions::forwardsTo():254}()
#2 /home/1216096.cloudwaysapps.com/fcmhbgzmxb/public_html/vendor/laravel/framework/src/Illuminate/Filesystem/Filesystem.php(123): require('/home/1216096.c...')
#3 /home/1216096.cloudwaysapps.com/fcmhbgzmxb/public_html/vendor/laravel/framework/src/Illuminate/Filesystem/Filesystem.php(124): Illuminate\\Filesystem\\Filesystem::{closure:Illuminate\\Filesystem\\Filesystem::getRequire():120}()
#4 /home/1216096.cloudwaysapps.com/fcmhbgzmxb/public_html/vendor/laravel/framework/src/Illuminate/View/Engines/PhpEngine.php(58): Illuminate\\Filesystem\\Filesystem->getRequire()
#5 /home/1216096.cloudwaysapps.com/fcmhbgzmxb/public_html/vendor/laravel/framework/src/Illuminate/View/Engines/CompilerEngine.php(72): Illuminate\\View\\Engines\\PhpEngine->evaluatePath()
#6 /home/1216096.cloudwaysapps.com/fcmhbgzmxb/public_html/vendor/laravel/framework/src/Illuminate/View/View.php(207): Illuminate\\View\\Engines\\CompilerEngine->get()
#7 /home/1216096.cloudwaysapps.com/fcmhbgzmxb/public_html/vendor/laravel/framework/src/Illuminate/View/View.php(190): Illuminate\\View\\View->getContents()
#8 /home/1216096.cloudwaysapps.com/fcmhbgzmxb/public_html/vendor/laravel/framework/src/Illuminate/View/View.php(159): Illuminate\\View\\View->renderContents()
#9 /home/1216096.cloudwaysapps.com/fcmhbgzmxb/public_html/vendor/laravel/framework/src/Illuminate/Http/Response.php(69): Illuminate\\View\\View->render()
#10 /home/1216096.cloudwaysapps.com/fcmhbgzmxb/public_html/vendor/laravel/framework/src/Illuminate/Http/Response.php(35): Illuminate\\Http\\Response->setContent()
#11 /home/1216096.cloudwaysapps.com/fcmhbgzmxb/public_html/vendor/laravel/framework/src/Illuminate/Routing/Router.php(918): Illuminate\\Http\\Response->__construct()
#12 /home/1216096.cloudwaysapps.com/fcmhbgzmxb/public_html/vendor/laravel/framework/src/Illuminate/Routing/Router.php(885): Illuminate\\Routing\\Router::toResponse()
#13 /home/1216096.cloudwaysapps.com/fcmhbgzmxb/public_html/vendor/laravel/framework/src/Illuminate/Routing/Router.php(805): Illuminate\\Routing\\Router->prepareResponse()
#14 /home/1216096.cloudwaysapps.com/fcmhbgzmxb/public_html/vendor/laravel/framework/src/Illuminate/Pipeline/Pipeline.php(144): Illuminate\\Routing\\Router->{closure:Illuminate\\Routing\\Router::runRouteWithinStack():805}()
#15 /home/1216096.cloudwaysapps.com/fcmhbgzmxb/public_html/app/Http/Middleware/CheckForMaintenanceMode.php(64): Illuminate\\Pipeline\\Pipeline->{closure:Illuminate\\Pipeline\\Pipeline::prepareDestination():142}()
#16 /home/1216096.cloudwaysapps.com/fcmhbgzmxb/public_html/vendor/laravel/framework/src/Illuminate/Pipeline/Pipeline.php(183): App\\Http\\Middleware\\CheckForMaintenanceMode->handle()
#17 /home/1216096.cloudwaysapps.com/fcmhbgzmxb/public_html/app/Http/Middleware/HttpsProtocol.php(20): Illuminate\\Pipeline\\Pipeline->{closure:{closure:Illuminate\\Pipeline\\Pipeline::carry():158}:159}()
#18 /home/1216096.cloudwaysapps.com/fcmhbgzmxb/public_html/vendor/laravel/framework/src/Illuminate/Pipeline/Pipeline.php(183): App\\Http\\Middleware\\HttpsProtocol->handle()
#19 /home/1216096.cloudwaysapps.com/fcmhbgzmxb/public_html/app/Http/Middleware/Language.php(35): Illuminate\\Pipeline\\Pipeline->{closure:{closure:Illuminate\\Pipeline\\Pipeline::carry():158}:159}()
#20 /home/1216096.cloudwaysapps.com/fcmhbgzmxb/public_html/vendor/laravel/framework/src/Illuminate/Pipeline/Pipeline.php(183): App\\Http\\Middleware\\Language->handle()
#21 /home/1216096.cloudwaysapps.com/fcmhbgzmxb/public_html/vendor/laravel/framework/src/Illuminate/Routing/Middleware/SubstituteBindings.php(50): Illuminate\\Pipeline\\Pipeline->{closure:{closure:Illuminate\\Pipeline\\Pipeline::carry():158}:159}()
#22 /home/1216096.cloudwaysapps.com/fcmhbgzmxb/public_html/vendor/laravel/framework/src/Illuminate/Pipeline/Pipeline.php(183): Illuminate\\Routing\\Middleware\\SubstituteBindings->handle()
#23 /home/1216096.cloudwaysapps.com/fcmhbgzmxb/public_html/vendor/laravel/framework/src/Illuminate/Foundation/Http/Middleware/VerifyCsrfToken.php(78): Illuminate\\Pipeline\\Pipeline->{closure:{closure:Illuminate\\Pipeline\\Pipeline::carry():158}:159}()
#24 /home/1216096.cloudwaysapps.com/fcmhbgzmxb/public_html/vendor/laravel/framework/src/Illuminate/Pipeline/Pipeline.php(183): Illuminate\\Foundation\\Http\\Middleware\\VerifyCsrfToken->handle()
#25 /home/1216096.cloudwaysapps.com/fcmhbgzmxb/public_html/vendor/laravel/framework/src/Illuminate/Cookie/Middleware/AddQueuedCookiesToResponse.php(37): Illuminate\\Pipeline\\Pipeline->{closure:{closure:Illuminate\\Pipeline\\Pipeline::carry():158}:159}()
#26 /home/1216096.cloudwaysapps.com/fcmhbgzmxb/public_html/vendor/laravel/framework/src/Illuminate/Pipeline/Pipeline.php(183): Illuminate\\Cookie\\Middleware\\AddQueuedCookiesToResponse->handle()
#27 /home/1216096.cloudwaysapps.com/fcmhbgzmxb/public_html/vendor/laravel/framework/src/Illuminate/Pipeline/Pipeline.php(119): Illuminate\\Pipeline\\Pipeline->{closure:{closure:Illuminate\\Pipeline\\Pipeline::carry():158}:159}()
#28 /home/1216096.cloudwaysapps.com/fcmhbgzmxb/public_html/vendor/laravel/framework/src/Illuminate/Routing/Router.php(805): Illuminate\\Pipeline\\Pipeline->then()
#29 /home/1216096.cloudwaysapps.com/fcmhbgzmxb/public_html/vendor/laravel/framework/src/Illuminate/Routing/Router.php(784): Illuminate\\Routing\\Router->runRouteWithinStack()
#30 /home/1216096.cloudwaysapps.com/fcmhbgzmxb/public_html/vendor/laravel/framework/src/Illuminate/Routing/Router.php(748): Illuminate\\Routing\\Router->runRoute()
#31 /home/1216096.cloudwaysapps.com/fcmhbgzmxb/public_html/vendor/laravel/framework/src/Illuminate/Routing/Router.php(737): Illuminate\\Routing\\Router->dispatchToRoute()
#32 /home/1216096.cloudwaysapps.com/fcmhbgzmxb/public_html/vendor/laravel/framework/src/Illuminate/Foundation/Http/Kernel.php(200): Illuminate\\Routing\\Router->dispatch()
#33 /home/1216096.cloudwaysapps.com/fcmhbgzmxb/public_html/vendor/laravel/framework/src/Illuminate/Pipeline/Pipeline.php(144): Illuminate\\Foundation\\Http\\Kernel->{closure:Illuminate\\Foundation\\Http\\Kernel::dispatchToRouter():197}()
#34 /home/1216096.cloudwaysapps.com/fcmhbgzmxb/public_html/vendor/laravel/framework/src/Illuminate/View/Middleware/ShareErrorsFromSession.php(49): Illuminate\\Pipeline\\Pipeline->{closure:Illuminate\\Pipeline\\Pipeline::prepareDestination():142}()
#35 /home/1216096.cloudwaysapps.com/fcmhbgzmxb/public_html/vendor/laravel/framework/src/Illuminate/Pipeline/Pipeline.php(183): Illuminate\\View\\Middleware\\ShareErrorsFromSession->handle()
#36 /home/1216096.cloudwaysapps.com/fcmhbgzmxb/public_html/vendor/laravel/framework/src/Illuminate/Session/Middleware/StartSession.php(121): Illuminate\\Pipeline\\Pipeline->{closure:{closure:Illuminate\\Pipeline\\Pipeline::carry():158}:159}()
#37 /home/1216096.cloudwaysapps.com/fcmhbgzmxb/public_html/vendor/laravel/framework/src/Illuminate/Session/Middleware/StartSession.php(64): Illuminate\\Session\\Middleware\\StartSession->handleStatefulRequest()
#38 /home/1216096.cloudwaysapps.com/fcmhbgzmxb/public_html/vendor/laravel/framework/src/Illuminate/Pipeline/Pipeline.php(183): Illuminate\\Session\\Middleware\\StartSession->handle()
#39 /home/1216096.cloudwaysapps.com/fcmhbgzmxb/public_html/vendor/laravel/framework/src/Illuminate/Http/Middleware/TrustProxies.php(39): Illuminate\\Pipeline\\Pipeline->{closure:{closure:Illuminate\\Pipeline\\Pipeline::carry():158}:159}()
#40 /home/1216096.cloudwaysapps.com/fcmhbgzmxb/public_html/vendor/laravel/framework/src/Illuminate/Pipeline/Pipeline.php(183): Illuminate\\Http\\Middleware\\TrustProxies->handle()
#41 /home/1216096.cloudwaysapps.com/fcmhbgzmxb/public_html/vendor/laravel/framework/src/Illuminate/Foundation/Http/Middleware/TransformsRequest.php(21): Illuminate\\Pipeline\\Pipeline->{closure:{closure:Illuminate\\Pipeline\\Pipeline::carry():158}:159}()
#42 /home/1216096.cloudwaysapps.com/fcmhbgzmxb/public_html/vendor/laravel/framework/src/Illuminate/Foundation/Http/Middleware/ConvertEmptyStringsToNull.php(31): Illuminate\\Foundation\\Http\\Middleware\\TransformsRequest->handle()
#43 /home/1216096.cloudwaysapps.com/fcmhbgzmxb/public_html/vendor/laravel/framework/src/Illuminate/Pipeline/Pipeline.php(183): Illuminate\\Foundation\\Http\\Middleware\\ConvertEmptyStringsToNull->handle()
#44 /home/1216096.cloudwaysapps.com/fcmhbgzmxb/public_html/vendor/laravel/framework/src/Illuminate/Foundation/Http/Middleware/TransformsRequest.php(21): Illuminate\\Pipeline\\Pipeline->{closure:{closure:Illuminate\\Pipeline\\Pipeline::carry():158}:159}()
#45 /home/1216096.cloudwaysapps.com/fcmhbgzmxb/public_html/vendor/laravel/framework/src/Illuminate/Foundation/Http/Middleware/TrimStrings.php(40): Illuminate\\Foundation\\Http\\Middleware\\TransformsRequest->handle()
#46 /home/1216096.cloudwaysapps.com/fcmhbgzmxb/public_html/vendor/laravel/framework/src/Illuminate/Pipeline/Pipeline.php(183): Illuminate\\Foundation\\Http\\Middleware\\TrimStrings->handle()
#47 /home/1216096.cloudwaysapps.com/fcmhbgzmxb/public_html/vendor/laravel/framework/src/Illuminate/Foundation/Http/Middleware/ValidatePostSize.php(27): Illuminate\\Pipeline\\Pipeline->{closure:{closure:Illuminate\\Pipeline\\Pipeline::carry():158}:159}()
#48 /home/1216096.cloudwaysapps.com/fcmhbgzmxb/public_html/vendor/laravel/framework/src/Illuminate/Pipeline/Pipeline.php(183): Illuminate\\Foundation\\Http\\Middleware\\ValidatePostSize->handle()
#49 /home/1216096.cloudwaysapps.com/fcmhbgzmxb/public_html/vendor/laravel/framework/src/Illuminate/Pipeline/Pipeline.php(119): Illuminate\\Pipeline\\Pipeline->{closure:{closure:Illuminate\\Pipeline\\Pipeline::carry():158}:159}()
#50 /home/1216096.cloudwaysapps.com/fcmhbgzmxb/public_html/vendor/laravel/framework/src/Illuminate/Foundation/Http/Kernel.php(175): Illuminate\\Pipeline\\Pipeline->then()
#51 /home/1216096.cloudwaysapps.com/fcmhbgzmxb/public_html/vendor/laravel/framework/src/Illuminate/Foundation/Http/Kernel.php(144): Illuminate\\Foundation\\Http\\Kernel->sendRequestThroughRouter()
#52 /home/1216096.cloudwaysapps.com/fcmhbgzmxb/public_html/index.php(56): Illuminate\\Foundation\\Http\\Kernel->handle()
#53 {main}
"} 
[2026-08-18 04:22:25] production.ERROR: Attempt to read property "meta_title" on null (View: /home/1216096.cloudwaysapps.com/fcmhbgzmxb/public_html/resources/views/frontend/blog/details.blade.php) {"exception":"[object] (Illuminate\\View\\ViewException(code: 0): Attempt to read property \"meta_title\" on null (View: /home/1216096.cloudwaysapps.com/fcmhbgzmxb/public_html/resources/views/frontend/blog/details.blade.php) at /home/1216096.cloudwaysapps.com/fcmhbgzmxb/public_html/storage/framework/views/8cbc4f9eae0878dd9bd3a8fa0f659a04.php:3)
[stacktrace]
#0 /home/1216096.cloudwaysapps.com/fcmhbgzmxb/public_html/vendor/laravel/framework/src/Illuminate/View/Engines/PhpEngine.php(60): Illuminate\\View\\Engines\\CompilerEngine->handleViewException()
#1 /home/1216096.cloudwaysapps.com/fcmhbgzmxb/public_html/vendor/laravel/framework/src/Illuminate/View/Engines/CompilerEngine.php(72): Illuminate\\View\\Engines\\PhpEngine->evaluatePath()
#2 /home/1216096.cloudwaysapps.com/fcmhbgzmxb/public_html/vendor/laravel/framework/src/Illuminate/View/View.php(207): Illuminate\\View\\Engines\\CompilerEngine->get()
#3 /home/1216096.cloudwaysapps.com/fcmhbgzmxb/public_html/vendor/laravel/framework/src/Illuminate/View/View.php(190): Illuminate\\View\\View->getContents()
#4 /home/1216096.cloudwaysapps.com/fcmhbgzmxb/public_html/vendor/laravel/framework/src/Illuminate/View/View.php(159): Illuminate\\View\\View->renderContents()
#5 /home/1216096.cloudwaysapps.com/fcmhbgzmxb/public_html/vendor/laravel/framework/src/Illuminate/Http/Response.php(69): Illuminate\\View\\View->render()
#6 /home/1216096.cloudwaysapps.com/fcmhbgzmxb/public_html/vendor/laravel/framework/src/Illuminate/Http/Response.php(35): Illuminate\\Http\\Response->setContent()
#7 /home/1216096.cloudwaysapps.com/fcmhbgzmxb/public_html/vendor/laravel/framework/src/Illuminate/Routing/Router.php(918): Illuminate\\Http\\Response->__construct()
#8 /home/1216096.cloudwaysapps.com/fcmhbgzmxb/public_html/vendor/laravel/framework/src/Illuminate/Routing/Router.php(885): Illuminate\\Routing\\Router::toResponse()
#9 /home/1216096.cloudwaysapps.com/fcmhbgzmxb/public_html/vendor/laravel/framework/src/Illuminate/Routing/Router.php(805): Illuminate\\Routing\\Router->prepareResponse()
#10 /home/1216096.cloudwaysapps.com/fcmhbgzmxb/public_html/vendor/laravel/framework/src/Illuminate/Pipeline/Pipeline.php(144): Illuminate\\Routing\\Router->{closure:Illuminate\\Routing\\Router::runRouteWithinStack():805}()
#11 /home/1216096.cloudwaysapps.com/fcmhbgzmxb/public_html/app/Http/Middleware/CheckForMaintenanceMode.php(64): Illuminate\\Pipeline\\Pipeline->{closure:Illuminate\\Pipeline\\Pipeline::prepareDestination():142}()
#12 /home/1216096.cloudwaysapps.com/fcmhbgzmxb/public_html/vendor/laravel/framework/src/Illuminate/Pipeline/Pipeline.php(183): App\\Http\\Middleware\\CheckForMaintenanceMode->handle()
#13 /home/1216096.cloudwaysapps.com/fcmhbgzmxb/public_html/app/Http/Middleware/HttpsProtocol.php(20): Illuminate\\Pipeline\\Pipeline->{closure:{closure:Illuminate\\Pipeline\\Pipeline::carry():158}:159}()
#14 /home/1216096.cloudwaysapps.com/fcmhbgzmxb/public_html/vendor/laravel/framework/src/Illuminate/Pipeline/Pipeline.php(183): App\\Http\\Middleware\\HttpsProtocol->handle()
#15 /home/1216096.cloudwaysapps.com/fcmhbgzmxb/public_html/app/Http/Middleware/Language.php(35): Illuminate\\Pipeline\\Pipeline->{closure:{closure:Illuminate\\Pipeline\\Pipeline::carry():158}:159}()
#16 /home/1216096.cloudwaysapps.com/fcmhbgzmxb/public_html/vendor/laravel/framework/src/Illuminate/Pipeline/Pipeline.php(183): App\\Http\\Middleware\\Language->handle()
#17 /home/1216096.cloudwaysapps.com/fcmhbgzmxb/public_html/vendor/laravel/framework/src/Illuminate/Routing/Middleware/SubstituteBindings.php(50): Illuminate\\Pipeline\\Pipeline->{closure:{closure:Illuminate\\Pipeline\\Pipeline::carry():158}:159}()
#18 /home/1216096.cloudwaysapps.com/fcmhbgzmxb/public_html/vendor/laravel/framework/src/Illuminate/Pipeline/Pipeline.php(183): Illuminate\\Routing\\Middleware\\SubstituteBindings->handle()
#19 /home/1216096.cloudwaysapps.com/fcmhbgzmxb/public_html/vendor/laravel/framework/src/Illuminate/Foundation/Http/Middleware/VerifyCsrfToken.php(78): Illuminate\\Pipeline\\Pipeline->{closure:{closure:Illuminate\\Pipeline\\Pipeline::carry():158}:159}()
#20 /home/1216096.cloudwaysapps.com/fcmhbgzmxb/public_html/vendor/laravel/framework/src/Illuminate/Pipeline/Pipeline.php(183): Illuminate\\Foundation\\Http\\Middleware\\VerifyCsrfToken->handle()
#21 /home/1216096.cloudwaysapps.com/fcmhbgzmxb/public_html/vendor/laravel/framework/src/Illuminate/Cookie/Middleware/AddQueuedCookiesToResponse.php(37): Illuminate\\Pipeline\\Pipeline->{closure:{closure:Illuminate\\Pipeline\\Pipeline::carry():158}:159}()
#22 /home/1216096.cloudwaysapps.com/fcmhbgzmxb/public_html/vendor/laravel/framework/src/Illuminate/Pipeline/Pipeline.php(183): Illuminate\\Cookie\\Middleware\\AddQueuedCookiesToResponse->handle()
#23 /home/1216096.cloudwaysapps.com/fcmhbgzmxb/public_html/vendor/laravel/framework/src/Illuminate/Pipeline/Pipeline.php(119): Illuminate\\Pipeline\\Pipeline->{closure:{closure:Illuminate\\Pipeline\\Pipeline::carry():158}:159}()
#24 /home/1216096.cloudwaysapps.com/fcmhbgzmxb/public_html/vendor/laravel/framework/src/Illuminate/Routing/Router.php(805): Illuminate\\Pipeline\\Pipeline->then()
#25 /home/1216096.cloudwaysapps.com/fcmhbgzmxb/public_html/vendor/laravel/framework/src/Illuminate/Routing/Router.php(784): Illuminate\\Routing\\Router->runRouteWithinStack()
#26 /home/1216096.cloudwaysapps.com/fcmhbgzmxb/public_html/vendor/laravel/framework/src/Illuminate/Routing/Router.php(748): Illuminate\\Routing\\Router->runRoute()
#27 /home/1216096.cloudwaysapps.com/fcmhbgzmxb/public_html/vendor/laravel/framework/src/Illuminate/Routing/Router.php(737): Illuminate\\Routing\\Router->dispatchToRoute()
#28 /home/1216096.cloudwaysapps.com/fcmhbgzmxb/public_html/vendor/laravel/framework/src/Illuminate/Foundation/Http/Kernel.php(200): Illuminate\\Routing\\Router->dispatch()
#29 /home/1216096.cloudwaysapps.com/fcmhbgzmxb/public_html/vendor/laravel/framework/src/Illuminate/Pipeline/Pipeline.php(144): Illuminate\\Foundation\\Http\\Kernel->{closure:Illuminate\\Foundation\\Http\\Kernel::dispatchToRouter():197}()
#30 /home/1216096.cloudwaysapps.com/fcmhbgzmxb/public_html/vendor/laravel/framework/src/Illuminate/View/Middleware/ShareErrorsFromSession.php(49): Illuminate\\Pipeline\\Pipeline->{closure:Illuminate\\Pipeline\\Pipeline::prepareDestination():142}()
#31 /home/1216096.cloudwaysapps.com/fcmhbgzmxb/public_html/vendor/laravel/framework/src/Illuminate/Pipeline/Pipeline.php(183): Illuminate\\View\\Middleware\\ShareErrorsFromSession->handle()
#32 /home/1216096.cloudwaysapps.com/fcmhbgzmxb/public_html/vendor/laravel/framework/src/Illuminate/Session/Middleware/StartSession.php(121): Illuminate\\Pipeline\\Pipeline->{closure:{closure:Illuminate\\Pipeline\\Pipeline::carry():158}:159}()
#33 /home/1216096.cloudwaysapps.com/fcmhbgzmxb/public_html/vendor/laravel/framework/src/Illuminate/Session/Middleware/StartSession.php(64): Illuminate\\Session\\Middleware\\StartSession->handleStatefulRequest()
#34 /home/1216096.cloudwaysapps.com/fcmhbgzmxb/public_html/vendor/laravel/framework/src/Illuminate/Pipeline/Pipeline.php(183): Illuminate\\Session\\Middleware\\StartSession->handle()
#35 /home/1216096.cloudwaysapps.com/fcmhbgzmxb/public_html/vendor/laravel/framework/src/Illuminate/Http/Middleware/TrustProxies.php(39): Illuminate\\Pipeline\\Pipeline->{closure:{closure:Illuminate\\Pipeline\\Pipeline::carry():158}:159}()
#36 /home/1216096.cloudwaysapps.com/fcmhbgzmxb/public_html/vendor/laravel/framework/src/Illuminate/Pipeline/Pipeline.php(183): Illuminate\\Http\\Middleware\\TrustProxies->handle()
#37 /home/1216096.cloudwaysapps.com/fcmhbgzmxb/public_html/vendor/laravel/framework/src/Illuminate/Foundation/Http/Middleware/TransformsRequest.php(21): Illuminate\\Pipeline\\Pipeline->{closure:{closure:Illuminate\\Pipeline\\Pipeline::carry():158}:159}()
#38 /home/1216096.cloudwaysapps.com/fcmhbgzmxb/public_html/vendor/laravel/framework/src/Illuminate/Foundation/Http/Middleware/ConvertEmptyStringsToNull.php(31): Illuminate\\Foundation\\Http\\Middleware\\TransformsRequest->handle()
#39 /home/1216096.cloudwaysapps.com/fcmhbgzmxb/public_html/vendor/laravel/framework/src/Illuminate/Pipeline/Pipeline.php(183): Illuminate\\Foundation\\Http\\Middleware\\ConvertEmptyStringsToNull->handle()
#40 /home/1216096.cloudwaysapps.com/fcmhbgzmxb/public_html/vendor/laravel/framework/src/Illuminate/Foundation/Http/Middleware/TransformsRequest.php(21): Illuminate\\Pipeline\\Pipeline->{closure:{closure:Illuminate\\Pipeline\\Pipeline::carry():158}:159}()
#41 /home/1216096.cloudwaysapps.com/fcmhbgzmxb/public_html/vendor/laravel/framework/src/Illuminate/Foundation/Http/Middleware/TrimStrings.php(40): Illuminate\\Foundation\\Http\\Middleware\\TransformsRequest->handle()
#42 /home/1216096.cloudwaysapps.com/fcmhbgzmxb/public_html/vendor/laravel/framework/src/Illuminate/Pipeline/Pipeline.php(183): Illuminate\\Foundation\\Http\\Middleware\\TrimStrings->handle()
#43 /home/1216096.cloudwaysapps.com/fcmhbgzmxb/public_html/vendor/laravel/framework/src/Illuminate/Foundation/Http/Middleware/ValidatePostSize.php(27): Illuminate\\Pipeline\\Pipeline->{closure:{closure:Illuminate\\Pipeline\\Pipeline::carry():158}:159}()
#44 /home/1216096.cloudwaysapps.com/fcmhbgzmxb/public_html/vendor/laravel/framework/src/Illuminate/Pipeline/Pipeline.php(183): Illuminate\\Foundation\\Http\\Middleware\\ValidatePostSize->handle()
#45 /home/1216096.cloudwaysapps.com/fcmhbgzmxb/public_html/vendor/laravel/framework/src/Illuminate/Pipeline/Pipeline.php(119): Illuminate\\Pipeline\\Pipeline->{closure:{closure:Illuminate\\Pipeline\\Pipeline::carry():158}:159}()
#46 /home/1216096.cloudwaysapps.com/fcmhbgzmxb/public_html/vendor/laravel/framework/src/Illuminate/Foundation/Http/Kernel.php(175): Illuminate\\Pipeline\\Pipeline->then()
#47 /home/1216096.cloudwaysapps.com/fcmhbgzmxb/public_html/vendor/laravel/framework/src/Illuminate/Foundation/Http/Kernel.php(144): Illuminate\\Foundation\\Http\\Kernel->sendRequestThroughRouter()
#48 /home/1216096.cloudwaysapps.com/fcmhbgzmxb/public_html/index.php(56): Illuminate\\Foundation\\Http\\Kernel->handle()
#49 {main}

[previous exception] [object] (ErrorException(code: 0): Attempt to read property \"meta_title\" on null at /home/1216096.cloudwaysapps.com/fcmhbgzmxb/public_html/storage/framework/views/8cbc4f9eae0878dd9bd3a8fa0f659a04.php:3)
[stacktrace]
#0 /home/1216096.cloudwaysapps.com/fcmhbgzmxb/public_html/vendor/laravel/framework/src/Illuminate/Foundation/Bootstrap/HandleExceptions.php(255): Illuminate\\Foundation\\Bootstrap\\HandleExceptions->handleError()
#1 /home/1216096.cloudwaysapps.com/fcmhbgzmxb/public_html/storage/framework/views/8cbc4f9eae0878dd9bd3a8fa0f659a04.php(3): Illuminate\\Foundation\\Bootstrap\\HandleExceptions->{closure:Illuminate\\Foundation\\Bootstrap\\HandleExceptions::forwardsTo():254}()
#2 /home/1216096.cloudwaysapps.com/fcmhbgzmxb/public_html/vendor/laravel/framework/src/Illuminate/Filesystem/Filesystem.php(123): require('/home/1216096.c...')
#3 /home/1216096.cloudwaysapps.com/fcmhbgzmxb/public_html/vendor/laravel/framework/src/Illuminate/Filesystem/Filesystem.php(124): Illuminate\\Filesystem\\Filesystem::{closure:Illuminate\\Filesystem\\Filesystem::getRequire():120}()
#4 /home/1216096.cloudwaysapps.com/fcmhbgzmxb/public_html/vendor/laravel/framework/src/Illuminate/View/Engines/PhpEngine.php(58): Illuminate\\Filesystem\\Filesystem->getRequire()
#5 /home/1216096.cloudwaysapps.com/fcmhbgzmxb/public_html/vendor/laravel/framework/src/Illuminate/View/Engines/CompilerEngine.php(72): Illuminate\\View\\Engines\\PhpEngine->evaluatePath()
#6 /home/1216096.cloudwaysapps.com/fcmhbgzmxb/public_html/vendor/laravel/framework/src/Illuminate/View/View.php(207): Illuminate\\View\\Engines\\CompilerEngine->get()
#7 /home/1216096.cloudwaysapps.com/fcmhbgzmxb/public_html/vendor/laravel/framework/src/Illuminate/View/View.php(190): Illuminate\\View\\View->getContents()
#8 /home/1216096.cloudwaysapps.com/fcmhbgzmxb/public_html/vendor/laravel/framework/src/Illuminate/View/View.php(159): Illuminate\\View\\View->renderContents()
#9 /home/1216096.cloudwaysapps.com/fcmhbgzmxb/public_html/vendor/laravel/framework/src/Illuminate/Http/Response.php(69): Illuminate\\View\\View->render()
#10 /home/1216096.cloudwaysapps.com/fcmhbgzmxb/public_html/vendor/laravel/framework/src/Illuminate/Http/Response.php(35): Illuminate\\Http\\Response->setContent()
#11 /home/1216096.cloudwaysapps.com/fcmhbgzmxb/public_html/vendor/laravel/framework/src/Illuminate/Routing/Router.php(918): Illuminate\\Http\\Response->__construct()
#12 /home/1216096.cloudwaysapps.com/fcmhbgzmxb/public_html/vendor/laravel/framework/src/Illuminate/Routing/Router.php(885): Illuminate\\Routing\\Router::toResponse()
#13 /home/1216096.cloudwaysapps.com/fcmhbgzmxb/public_html/vendor/laravel/framework/src/Illuminate/Routing/Router.php(805): Illuminate\\Routing\\Router->prepareResponse()
#14 /home/1216096.cloudwaysapps.com/fcmhbgzmxb/public_html/vendor/laravel/framework/src/Illuminate/Pipeline/Pipeline.php(144): Illuminate\\Routing\\Router->{closure:Illuminate\\Routing\\Router::runRouteWithinStack():805}()
#15 /home/1216096.cloudwaysapps.com/fcmhbgzmxb/public_html/app/Http/Middleware/CheckForMaintenanceMode.php(64): Illuminate\\Pipeline\\Pipeline->{closure:Illuminate\\Pipeline\\Pipeline::prepareDestination():142}()
#16 /home/1216096.cloudwaysapps.com/fcmhbgzmxb/public_html/vendor/laravel/framework/src/Illuminate/Pipeline/Pipeline.php(183): App\\Http\\Middleware\\CheckForMaintenanceMode->handle()
#17 /home/1216096.cloudwaysapps.com/fcmhbgzmxb/public_html/app/Http/Middleware/HttpsProtocol.php(20): Illuminate\\Pipeline\\Pipeline->{closure:{closure:Illuminate\\Pipeline\\Pipeline::carry():158}:159}()
#18 /home/1216096.cloudwaysapps.com/fcmhbgzmxb/public_html/vendor/laravel/framework/src/Illuminate/Pipeline/Pipeline.php(183): App\\Http\\Middleware\\HttpsProtocol->handle()
#19 /home/1216096.cloudwaysapps.com/fcmhbgzmxb/public_html/app/Http/Middleware/Language.php(35): Illuminate\\Pipeline\\Pipeline->{closure:{closure:Illuminate\\Pipeline\\Pipeline::carry():158}:159}()
#20 /home/1216096.cloudwaysapps.com/fcmhbgzmxb/public_html/vendor/laravel/framework/src/Illuminate/Pipeline/Pipeline.php(183): App\\Http\\Middleware\\Language->handle()
#21 /home/1216096.cloudwaysapps.com/fcmhbgzmxb/public_html/vendor/laravel/framework/src/Illuminate/Routing/Middleware/SubstituteBindings.php(50): Illuminate\\Pipeline\\Pipeline->{closure:{closure:Illuminate\\Pipeline\\Pipeline::carry():158}:159}()
#22 /home/1216096.cloudwaysapps.com/fcmhbgzmxb/public_html/vendor/laravel/framework/src/Illuminate/Pipeline/Pipeline.php(183): Illuminate\\Routing\\Middleware\\SubstituteBindings->handle()
#23 /home/1216096.cloudwaysapps.com/fcmhbgzmxb/public_html/vendor/laravel/framework/src/Illuminate/Foundation/Http/Middleware/VerifyCsrfToken.php(78): Illuminate\\Pipeline\\Pipeline->{closure:{closure:Illuminate\\Pipeline\\Pipeline::carry():158}:159}()
#24 /home/1216096.cloudwaysapps.com/fcmhbgzmxb/public_html/vendor/laravel/framework/src/Illuminate/Pipeline/Pipeline.php(183): Illuminate\\Foundation\\Http\\Middleware\\VerifyCsrfToken->handle()
#25 /home/1216096.cloudwaysapps.com/fcmhbgzmxb/public_html/vendor/laravel/framework/src/Illuminate/Cookie/Middleware/AddQueuedCookiesToResponse.php(37): Illuminate\\Pipeline\\Pipeline->{closure:{closure:Illuminate\\Pipeline\\Pipeline::carry():158}:159}()
#26 /home/1216096.cloudwaysapps.com/fcmhbgzmxb/public_html/vendor/laravel/framework/src/Illuminate/Pipeline/Pipeline.php(183): Illuminate\\Cookie\\Middleware\\AddQueuedCookiesToResponse->handle()
#27 /home/1216096.cloudwaysapps.com/fcmhbgzmxb/public_html/vendor/laravel/framework/src/Illuminate/Pipeline/Pipeline.php(119): Illuminate\\Pipeline\\Pipeline->{closure:{closure:Illuminate\\Pipeline\\Pipeline::carry():158}:159}()
#28 /home/1216096.cloudwaysapps.com/fcmhbgzmxb/public_html/vendor/laravel/framework/src/Illuminate/Routing/Router.php(805): Illuminate\\Pipeline\\Pipeline->then()
#29 /home/1216096.cloudwaysapps.com/fcmhbgzmxb/public_html/vendor/laravel/framework/src/Illuminate/Routing/Router.php(784): Illuminate\\Routing\\Router->runRouteWithinStack()
#30 /home/1216096.cloudwaysapps.com/fcmhbgzmxb/public_html/vendor/laravel/framework/src/Illuminate/Routing/Router.php(748): Illuminate\\Routing\\Router->runRoute()
#31 /home/1216096.cloudwaysapps.com/fcmhbgzmxb/public_html/vendor/laravel/framework/src/Illuminate/Routing/Router.php(737): Illuminate\\Routing\\Router->dispatchToRoute()
#32 /home/1216096.cloudwaysapps.com/fcmhbgzmxb/public_html/vendor/laravel/framework/src/Illuminate/Foundation/Http/Kernel.php(200): Illuminate\\Routing\\Router->dispatch()
#33 /home/1216096.cloudwaysapps.com/fcmhbgzmxb/public_html/vendor/laravel/framework/src/Illuminate/Pipeline/Pipeline.php(144): Illuminate\\Foundation\\Http\\Kernel->{closure:Illuminate\\Foundation\\Http\\Kernel::dispatchToRouter():197}()
#34 /home/1216096.cloudwaysapps.com/fcmhbgzmxb/public_html/vendor/laravel/framework/src/Illuminate/View/Middleware/ShareErrorsFromSession.php(49): Illuminate\\Pipeline\\Pipeline->{closure:Illuminate\\Pipeline\\Pipeline::prepareDestination():142}()
#35 /home/1216096.cloudwaysapps.com/fcmhbgzmxb/public_html/vendor/laravel/framework/src/Illuminate/Pipeline/Pipeline.php(183): Illuminate\\View\\Middleware\\ShareErrorsFromSession->handle()
#36 /home/1216096.cloudwaysapps.com/fcmhbgzmxb/public_html/vendor/laravel/framework/src/Illuminate/Session/Middleware/StartSession.php(121): Illuminate\\Pipeline\\Pipeline->{closure:{closure:Illuminate\\Pipeline\\Pipeline::carry():158}:159}()
#37 /home/1216096.cloudwaysapps.com/fcmhbgzmxb/public_html/vendor/laravel/framework/src/Illuminate/Session/Middleware/StartSession.php(64): Illuminate\\Session\\Middleware\\StartSession->handleStatefulRequest()
#38 /home/1216096.cloudwaysapps.com/fcmhbgzmxb/public_html/vendor/laravel/framework/src/Illuminate/Pipeline/Pipeline.php(183): Illuminate\\Session\\Middleware\\StartSession->handle()
#39 /home/1216096.cloudwaysapps.com/fcmhbgzmxb/public_html/vendor/laravel/framework/src/Illuminate/Http/Middleware/TrustProxies.php(39): Illuminate\\Pipeline\\Pipeline->{closure:{closure:Illuminate\\Pipeline\\Pipeline::carry():158}:159}()
#40 /home/1216096.cloudwaysapps.com/fcmhbgzmxb/public_html/vendor/laravel/framework/src/Illuminate/Pipeline/Pipeline.php(183): Illuminate\\Http\\Middleware\\TrustProxies->handle()
#41 /home/1216096.cloudwaysapps.com/fcmhbgzmxb/public_html/vendor/laravel/framework/src/Illuminate/Foundation/Http/Middleware/TransformsRequest.php(21): Illuminate\\Pipeline\\Pipeline->{closure:{closure:Illuminate\\Pipeline\\Pipeline::carry():158}:159}()
#42 /home/1216096.cloudwaysapps.com/fcmhbgzmxb/public_html/vendor/laravel/framework/src/Illuminate/Foundation/Http/Middleware/ConvertEmptyStringsToNull.php(31): Illuminate\\Foundation\\Http\\Middleware\\TransformsRequest->handle()
#43 /home/1216096.cloudwaysapps.com/fcmhbgzmxb/public_html/vendor/laravel/framework/src/Illuminate/Pipeline/Pipeline.php(183): Illuminate\\Foundation\\Http\\Middleware\\ConvertEmptyStringsToNull->handle()
#44 /home/1216096.cloudwaysapps.com/fcmhbgzmxb/public_html/vendor/laravel/framework/src/Illuminate/Foundation/Http/Middleware/TransformsRequest.php(21): Illuminate\\Pipeline\\Pipeline->{closure:{closure:Illuminate\\Pipeline\\Pipeline::carry():158}:159}()
#45 /home/1216096.cloudwaysapps.com/fcmhbgzmxb/public_html/vendor/laravel/framework/src/Illuminate/Foundation/Http/Middleware/TrimStrings.php(40): Illuminate\\Foundation\\Http\\Middleware\\TransformsRequest->handle()
#46 /home/1216096.cloudwaysapps.com/fcmhbgzmxb/public_html/vendor/laravel/framework/src/Illuminate/Pipeline/Pipeline.php(183): Illuminate\\Foundation\\Http\\Middleware\\TrimStrings->handle()
#47 /home/1216096.cloudwaysapps.com/fcmhbgzmxb/public_html/vendor/laravel/framework/src/Illuminate/Foundation/Http/Middleware/ValidatePostSize.php(27): Illuminate\\Pipeline\\Pipeline->{closure:{closure:Illuminate\\Pipeline\\Pipeline::carry():158}:159}()
#48 /home/1216096.cloudwaysapps.com/fcmhbgzmxb/public_html/vendor/laravel/framework/src/Illuminate/Pipeline/Pipeline.php(183): Illuminate\\Foundation\\Http\\Middleware\\ValidatePostSize->handle()
#49 /home/1216096.cloudwaysapps.com/fcmhbgzmxb/public_html/vendor/laravel/framework/src/Illuminate/Pipeline/Pipeline.php(119): Illuminate\\Pipeline\\Pipeline->{closure:{closure:Illuminate\\Pipeline\\Pipeline::carry():158}:159}()
#50 /home/1216096.cloudwaysapps.com/fcmhbgzmxb/public_html/vendor/laravel/framework/src/Illuminate/Foundation/Http/Kernel.php(175): Illuminate\\Pipeline\\Pipeline->then()
#51 /home/1216096.cloudwaysapps.com/fcmhbgzmxb/public_html/vendor/laravel/framework/src/Illuminate/Foundation/Http/Kernel.php(144): Illuminate\\Foundation\\Http\\Kernel->sendRequestThroughRouter()
#52 /home/1216096.cloudwaysapps.com/fcmhbgzmxb/public_html/index.php(56): Illuminate\\Foundation\\Http\\Kernel->handle()
#53 {main}
"} 
[2026-08-18 12:01:22] production.ERROR: Attempt to read property "meta_title" on null (View: /home/1216096.cloudwaysapps.com/fcmhbgzmxb/public_html/resources/views/frontend/blog/details.blade.php) {"exception":"[object] (Illuminate\\View\\ViewException(code: 0): Attempt to read property \"meta_title\" on null (View: /home/1216096.cloudwaysapps.com/fcmhbgzmxb/public_html/resources/views/frontend/blog/details.blade.php) at /home/1216096.cloudwaysapps.com/fcmhbgzmxb/public_html/storage/framework/views/8cbc4f9eae0878dd9bd3a8fa0f659a04.php:3)
[stacktrace]
#0 /home/1216096.cloudwaysapps.com/fcmhbgzmxb/public_html/vendor/laravel/framework/src/Illuminate/View/Engines/PhpEngine.php(60): Illuminate\\View\\Engines\\CompilerEngine->handleViewException()
#1 /home/1216096.cloudwaysapps.com/fcmhbgzmxb/public_html/vendor/laravel/framework/src/Illuminate/View/Engines/CompilerEngine.php(72): Illuminate\\View\\Engines\\PhpEngine->evaluatePath()
#2 /home/1216096.cloudwaysapps.com/fcmhbgzmxb/public_html/vendor/laravel/framework/src/Illuminate/View/View.php(207): Illuminate\\View\\Engines\\CompilerEngine->get()
#3 /home/1216096.cloudwaysapps.com/fcmhbgzmxb/public_html/vendor/laravel/framework/src/Illuminate/View/View.php(190): Illuminate\\View\\View->getContents()
#4 /home/1216096.cloudwaysapps.com/fcmhbgzmxb/public_html/vendor/laravel/framework/src/Illuminate/View/View.php(159): Illuminate\\View\\View->renderContents()
#5 /home/1216096.cloudwaysapps.com/fcmhbgzmxb/public_html/vendor/laravel/framework/src/Illuminate/Http/Response.php(69): Illuminate\\View\\View->render()
#6 /home/1216096.cloudwaysapps.com/fcmhbgzmxb/public_html/vendor/laravel/framework/src/Illuminate/Http/Response.php(35): Illuminate\\Http\\Response->setContent()
#7 /home/1216096.cloudwaysapps.com/fcmhbgzmxb/public_html/vendor/laravel/framework/src/Illuminate/Routing/Router.php(918): Illuminate\\Http\\Response->__construct()
#8 /home/1216096.cloudwaysapps.com/fcmhbgzmxb/public_html/vendor/laravel/framework/src/Illuminate/Routing/Router.php(885): Illuminate\\Routing\\Router::toResponse()
#9 /home/1216096.cloudwaysapps.com/fcmhbgzmxb/public_html/vendor/laravel/framework/src/Illuminate/Routing/Router.php(805): Illuminate\\Routing\\Router->prepareResponse()
#10 /home/1216096.cloudwaysapps.com/fcmhbgzmxb/public_html/vendor/laravel/framework/src/Illuminate/Pipeline/Pipeline.php(144): Illuminate\\Routing\\Router->{closure:Illuminate\\Routing\\Router::runRouteWithinStack():805}()
#11 /home/1216096.cloudwaysapps.com/fcmhbgzmxb/public_html/app/Http/Middleware/CheckForMaintenanceMode.php(64): Illuminate\\Pipeline\\Pipeline->{closure:Illuminate\\Pipeline\\Pipeline::prepareDestination():142}()
#12 /home/1216096.cloudwaysapps.com/fcmhbgzmxb/public_html/vendor/laravel/framework/src/Illuminate/Pipeline/Pipeline.php(183): App\\Http\\Middleware\\CheckForMaintenanceMode->handle()
#13 /home/1216096.cloudwaysapps.com/fcmhbgzmxb/public_html/app/Http/Middleware/HttpsProtocol.php(20): Illuminate\\Pipeline\\Pipeline->{closure:{closure:Illuminate\\Pipeline\\Pipeline::carry():158}:159}()
#14 /home/1216096.cloudwaysapps.com/fcmhbgzmxb/public_html/vendor/laravel/framework/src/Illuminate/Pipeline/Pipeline.php(183): App\\Http\\Middleware\\HttpsProtocol->handle()
#15 /home/1216096.cloudwaysapps.com/fcmhbgzmxb/public_html/app/Http/Middleware/Language.php(35): Illuminate\\Pipeline\\Pipeline->{closure:{closure:Illuminate\\Pipeline\\Pipeline::carry():158}:159}()
#16 /home/1216096.cloudwaysapps.com/fcmhbgzmxb/public_html/vendor/laravel/framework/src/Illuminate/Pipeline/Pipeline.php(183): App\\Http\\Middleware\\Language->handle()
#17 /home/1216096.cloudwaysapps.com/fcmhbgzmxb/public_html/vendor/laravel/framework/src/Illuminate/Routing/Middleware/SubstituteBindings.php(50): Illuminate\\Pipeline\\Pipeline->{closure:{closure:Illuminate\\Pipeline\\Pipeline::carry():158}:159}()
#18 /home/1216096.cloudwaysapps.com/fcmhbgzmxb/public_html/vendor/laravel/framework/src/Illuminate/Pipeline/Pipeline.php(183): Illuminate\\Routing\\Middleware\\SubstituteBindings->handle()
#19 /home/1216096.cloudwaysapps.com/fcmhbgzmxb/public_html/vendor/laravel/framework/src/Illuminate/Foundation/Http/Middleware/VerifyCsrfToken.php(78): Illuminate\\Pipeline\\Pipeline->{closure:{closure:Illuminate\\Pipeline\\Pipeline::carry():158}:159}()
#20 /home/1216096.cloudwaysapps.com/fcmhbgzmxb/public_html/vendor/laravel/framework/src/Illuminate/Pipeline/Pipeline.php(183): Illuminate\\Foundation\\Http\\Middleware\\VerifyCsrfToken->handle()
#21 /home/1216096.cloudwaysapps.com/fcmhbgzmxb/public_html/vendor/laravel/framework/src/Illuminate/Cookie/Middleware/AddQueuedCookiesToResponse.php(37): Illuminate\\Pipeline\\Pipeline->{closure:{closure:Illuminate\\Pipeline\\Pipeline::carry():158}:159}()
#22 /home/1216096.cloudwaysapps.com/fcmhbgzmxb/public_html/vendor/laravel/framework/src/Illuminate/Pipeline/Pipeline.php(183): Illuminate\\Cookie\\Middleware\\AddQueuedCookiesToResponse->handle()
#23 /home/1216096.cloudwaysapps.com/fcmhbgzmxb/public_html/vendor/laravel/framework/src/Illuminate/Pipeline/Pipeline.php(119): Illuminate\\Pipeline\\Pipeline->{closure:{closure:Illuminate\\Pipeline\\Pipeline::carry():158}:159}()
#24 /home/1216096.cloudwaysapps.com/fcmhbgzmxb/public_html/vendor/laravel/framework/src/Illuminate/Routing/Router.php(805): Illuminate\\Pipeline\\Pipeline->then()
#25 /home/1216096.cloudwaysapps.com/fcmhbgzmxb/public_html/vendor/laravel/framework/src/Illuminate/Routing/Router.php(784): Illuminate\\Routing\\Router->runRouteWithinStack()
#26 /home/1216096.cloudwaysapps.com/fcmhbgzmxb/public_html/vendor/laravel/framework/src/Illuminate/Routing/Router.php(748): Illuminate\\Routing\\Router->runRoute()
#27 /home/1216096.cloudwaysapps.com/fcmhbgzmxb/public_html/vendor/laravel/framework/src/Illuminate/Routing/Router.php(737): Illuminate\\Routing\\Router->dispatchToRoute()
#28 /home/1216096.cloudwaysapps.com/fcmhbgzmxb/public_html/vendor/laravel/framework/src/Illuminate/Foundation/Http/Kernel.php(200): Illuminate\\Routing\\Router->dispatch()
#29 /home/1216096.cloudwaysapps.com/fcmhbgzmxb/public_html/vendor/laravel/framework/src/Illuminate/Pipeline/Pipeline.php(144): Illuminate\\Foundation\\Http\\Kernel->{closure:Illuminate\\Foundation\\Http\\Kernel::dispatchToRouter():197}()
#30 /home/1216096.cloudwaysapps.com/fcmhbgzmxb/public_html/vendor/laravel/framework/src/Illuminate/View/Middleware/ShareErrorsFromSession.php(49): Illuminate\\Pipeline\\Pipeline->{closure:Illuminate\\Pipeline\\Pipeline::prepareDestination():142}()
#31 /home/1216096.cloudwaysapps.com/fcmhbgzmxb/public_html/vendor/laravel/framework/src/Illuminate/Pipeline/Pipeline.php(183): Illuminate\\View\\Middleware\\ShareErrorsFromSession->handle()
#32 /home/1216096.cloudwaysapps.com/fcmhbgzmxb/public_html/vendor/laravel/framework/src/Illuminate/Session/Middleware/StartSession.php(121): Illuminate\\Pipeline\\Pipeline->{closure:{closure:Illuminate\\Pipeline\\Pipeline::carry():158}:159}()
#33 /home/1216096.cloudwaysapps.com/fcmhbgzmxb/public_html/vendor/laravel/framework/src/Illuminate/Session/Middleware/StartSession.php(64): Illuminate\\Session\\Middleware\\StartSession->handleStatefulRequest()
#34 /home/1216096.cloudwaysapps.com/fcmhbgzmxb/public_html/vendor/laravel/framework/src/Illuminate/Pipeline/Pipeline.php(183): Illuminate\\Session\\Middleware\\StartSession->handle()
#35 /home/1216096.cloudwaysapps.com/fcmhbgzmxb/public_html/vendor/laravel/framework/src/Illuminate/Http/Middleware/TrustProxies.php(39): Illuminate\\Pipeline\\Pipeline->{closure:{closure:Illuminate\\Pipeline\\Pipeline::carry():158}:159}()
#36 /home/1216096.cloudwaysapps.com/fcmhbgzmxb/public_html/vendor/laravel/framework/src/Illuminate/Pipeline/Pipeline.php(183): Illuminate\\Http\\Middleware\\TrustProxies->handle()
#37 /home/1216096.cloudwaysapps.com/fcmhbgzmxb/public_html/vendor/laravel/framework/src/Illuminate/Foundation/Http/Middleware/TransformsRequest.php(21): Illuminate\\Pipeline\\Pipeline->{closure:{closure:Illuminate\\Pipeline\\Pipeline::carry():158}:159}()
#38 /home/1216096.cloudwaysapps.com/fcmhbgzmxb/public_html/vendor/laravel/framework/src/Illuminate/Foundation/Http/Middleware/ConvertEmptyStringsToNull.php(31): Illuminate\\Foundation\\Http\\Middleware\\TransformsRequest->handle()
#39 /home/1216096.cloudwaysapps.com/fcmhbgzmxb/public_html/vendor/laravel/framework/src/Illuminate/Pipeline/Pipeline.php(183): Illuminate\\Foundation\\Http\\Middleware\\ConvertEmptyStringsToNull->handle()
#40 /home/1216096.cloudwaysapps.com/fcmhbgzmxb/public_html/vendor/laravel/framework/src/Illuminate/Foundation/Http/Middleware/TransformsRequest.php(21): Illuminate\\Pipeline\\Pipeline->{closure:{closure:Illuminate\\Pipeline\\Pipeline::carry():158}:159}()
#41 /home/1216096.cloudwaysapps.com/fcmhbgzmxb/public_html/vendor/laravel/framework/src/Illuminate/Foundation/Http/Middleware/TrimStrings.php(40): Illuminate\\Foundation\\Http\\Middleware\\TransformsRequest->handle()
#42 /home/1216096.cloudwaysapps.com/fcmhbgzmxb/public_html/vendor/laravel/framework/src/Illuminate/Pipeline/Pipeline.php(183): Illuminate\\Foundation\\Http\\Middleware\\TrimStrings->handle()
#43 /home/1216096.cloudwaysapps.com/fcmhbgzmxb/public_html/vendor/laravel/framework/src/Illuminate/Foundation/Http/Middleware/ValidatePostSize.php(27): Illuminate\\Pipeline\\Pipeline->{closure:{closure:Illuminate\\Pipeline\\Pipeline::carry():158}:159}()
#44 /home/1216096.cloudwaysapps.com/fcmhbgzmxb/public_html/vendor/laravel/framework/src/Illuminate/Pipeline/Pipeline.php(183): Illuminate\\Foundation\\Http\\Middleware\\ValidatePostSize->handle()
#45 /home/1216096.cloudwaysapps.com/fcmhbgzmxb/public_html/vendor/laravel/framework/src/Illuminate/Pipeline/Pipeline.php(119): Illuminate\\Pipeline\\Pipeline->{closure:{closure:Illuminate\\Pipeline\\Pipeline::carry():158}:159}()
#46 /home/1216096.cloudwaysapps.com/fcmhbgzmxb/public_html/vendor/laravel/framework/src/Illuminate/Foundation/Http/Kernel.php(175): Illuminate\\Pipeline\\Pipeline->then()
#47 /home/1216096.cloudwaysapps.com/fcmhbgzmxb/public_html/vendor/laravel/framework/src/Illuminate/Foundation/Http/Kernel.php(144): Illuminate\\Foundation\\Http\\Kernel->sendRequestThroughRouter()
#48 /home/1216096.cloudwaysapps.com/fcmhbgzmxb/public_html/index.php(56): Illuminate\\Foundation\\Http\\Kernel->handle()
#49 {main}

[previous exception] [object] (ErrorException(code: 0): Attempt to read property \"meta_title\" on null at /home/1216096.cloudwaysapps.com/fcmhbgzmxb/public_html/storage/framework/views/8cbc4f9eae0878dd9bd3a8fa0f659a04.php:3)
[stacktrace]
#0 /home/1216096.cloudwaysapps.com/fcmhbgzmxb/public_html/vendor/laravel/framework/src/Illuminate/Foundation/Bootstrap/HandleExceptions.php(255): Illuminate\\Foundation\\Bootstrap\\HandleExceptions->handleError()
#1 /home/1216096.cloudwaysapps.com/fcmhbgzmxb/public_html/storage/framework/views/8cbc4f9eae0878dd9bd3a8fa0f659a04.php(3): Illuminate\\Foundation\\Bootstrap\\HandleExceptions->{closure:Illuminate\\Foundation\\Bootstrap\\HandleExceptions::forwardsTo():254}()
#2 /home/1216096.cloudwaysapps.com/fcmhbgzmxb/public_html/vendor/laravel/framework/src/Illuminate/Filesystem/Filesystem.php(123): require('/home/1216096.c...')
#3 /home/1216096.cloudwaysapps.com/fcmhbgzmxb/public_html/vendor/laravel/framework/src/Illuminate/Filesystem/Filesystem.php(124): Illuminate\\Filesystem\\Filesystem::{closure:Illuminate\\Filesystem\\Filesystem::getRequire():120}()
#4 /home/1216096.cloudwaysapps.com/fcmhbgzmxb/public_html/vendor/laravel/framework/src/Illuminate/View/Engines/PhpEngine.php(58): Illuminate\\Filesystem\\Filesystem->getRequire()
#5 /home/1216096.cloudwaysapps.com/fcmhbgzmxb/public_html/vendor/laravel/framework/src/Illuminate/View/Engines/CompilerEngine.php(72): Illuminate\\View\\Engines\\PhpEngine->evaluatePath()
#6 /home/1216096.cloudwaysapps.com/fcmhbgzmxb/public_html/vendor/laravel/framework/src/Illuminate/View/View.php(207): Illuminate\\View\\Engines\\CompilerEngine->get()
#7 /home/1216096.cloudwaysapps.com/fcmhbgzmxb/public_html/vendor/laravel/framework/src/Illuminate/View/View.php(190): Illuminate\\View\\View->getContents()
#8 /home/1216096.cloudwaysapps.com/fcmhbgzmxb/public_html/vendor/laravel/framework/src/Illuminate/View/View.php(159): Illuminate\\View\\View->renderContents()
#9 /home/1216096.cloudwaysapps.com/fcmhbgzmxb/public_html/vendor/laravel/framework/src/Illuminate/Http/Response.php(69): Illuminate\\View\\View->render()
#10 /home/1216096.cloudwaysapps.com/fcmhbgzmxb/public_html/vendor/laravel/framework/src/Illuminate/Http/Response.php(35): Illuminate\\Http\\Response->setContent()
#11 /home/1216096.cloudwaysapps.com/fcmhbgzmxb/public_html/vendor/laravel/framework/src/Illuminate/Routing/Router.php(918): Illuminate\\Http\\Response->__construct()
#12 /home/1216096.cloudwaysapps.com/fcmhbgzmxb/public_html/vendor/laravel/framework/src/Illuminate/Routing/Router.php(885): Illuminate\\Routing\\Router::toResponse()
#13 /home/1216096.cloudwaysapps.com/fcmhbgzmxb/public_html/vendor/laravel/framework/src/Illuminate/Routing/Router.php(805): Illuminate\\Routing\\Router->prepareResponse()
#14 /home/1216096.cloudwaysapps.com/fcmhbgzmxb/public_html/vendor/laravel/framework/src/Illuminate/Pipeline/Pipeline.php(144): Illuminate\\Routing\\Router->{closure:Illuminate\\Routing\\Router::runRouteWithinStack():805}()
#15 /home/1216096.cloudwaysapps.com/fcmhbgzmxb/public_html/app/Http/Middleware/CheckForMaintenanceMode.php(64): Illuminate\\Pipeline\\Pipeline->{closure:Illuminate\\Pipeline\\Pipeline::prepareDestination():142}()
#16 /home/1216096.cloudwaysapps.com/fcmhbgzmxb/public_html/vendor/laravel/framework/src/Illuminate/Pipeline/Pipeline.php(183): App\\Http\\Middleware\\CheckForMaintenanceMode->handle()
#17 /home/1216096.cloudwaysapps.com/fcmhbgzmxb/public_html/app/Http/Middleware/HttpsProtocol.php(20): Illuminate\\Pipeline\\Pipeline->{closure:{closure:Illuminate\\Pipeline\\Pipeline::carry():158}:159}()
#18 /home/1216096.cloudwaysapps.com/fcmhbgzmxb/public_html/vendor/laravel/framework/src/Illuminate/Pipeline/Pipeline.php(183): App\\Http\\Middleware\\HttpsProtocol->handle()
#19 /home/1216096.cloudwaysapps.com/fcmhbgzmxb/public_html/app/Http/Middleware/Language.php(35): Illuminate\\Pipeline\\Pipeline->{closure:{closure:Illuminate\\Pipeline\\Pipeline::carry():158}:159}()
#20 /home/1216096.cloudwaysapps.com/fcmhbgzmxb/public_html/vendor/laravel/framework/src/Illuminate/Pipeline/Pipeline.php(183): App\\Http\\Middleware\\Language->handle()
#21 /home/1216096.cloudwaysapps.com/fcmhbgzmxb/public_html/vendor/laravel/framework/src/Illuminate/Routing/Middleware/SubstituteBindings.php(50): Illuminate\\Pipeline\\Pipeline->{closure:{closure:Illuminate\\Pipeline\\Pipeline::carry():158}:159}()
#22 /home/1216096.cloudwaysapps.com/fcmhbgzmxb/public_html/vendor/laravel/framework/src/Illuminate/Pipeline/Pipeline.php(183): Illuminate\\Routing\\Middleware\\SubstituteBindings->handle()
#23 /home/1216096.cloudwaysapps.com/fcmhbgzmxb/public_html/vendor/laravel/framework/src/Illuminate/Foundation/Http/Middleware/VerifyCsrfToken.php(78): Illuminate\\Pipeline\\Pipeline->{closure:{closure:Illuminate\\Pipeline\\Pipeline::carry():158}:159}()
#24 /home/1216096.cloudwaysapps.com/fcmhbgzmxb/public_html/vendor/laravel/framework/src/Illuminate/Pipeline/Pipeline.php(183): Illuminate\\Foundation\\Http\\Middleware\\VerifyCsrfToken->handle()
#25 /home/1216096.cloudwaysapps.com/fcmhbgzmxb/public_html/vendor/laravel/framework/src/Illuminate/Cookie/Middleware/AddQueuedCookiesToResponse.php(37): Illuminate\\Pipeline\\Pipeline->{closure:{closure:Illuminate\\Pipeline\\Pipeline::carry():158}:159}()
#26 /home/1216096.cloudwaysapps.com/fcmhbgzmxb/public_html/vendor/laravel/framework/src/Illuminate/Pipeline/Pipeline.php(183): Illuminate\\Cookie\\Middleware\\AddQueuedCookiesToResponse->handle()
#27 /home/1216096.cloudwaysapps.com/fcmhbgzmxb/public_html/vendor/laravel/framework/src/Illuminate/Pipeline/Pipeline.php(119): Illuminate\\Pipeline\\Pipeline->{closure:{closure:Illuminate\\Pipeline\\Pipeline::carry():158}:159}()
#28 /home/1216096.cloudwaysapps.com/fcmhbgzmxb/public_html/vendor/laravel/framework/src/Illuminate/Routing/Router.php(805): Illuminate\\Pipeline\\Pipeline->then()
#29 /home/1216096.cloudwaysapps.com/fcmhbgzmxb/public_html/vendor/laravel/framework/src/Illuminate/Routing/Router.php(784): Illuminate\\Routing\\Router->runRouteWithinStack()
#30 /home/1216096.cloudwaysapps.com/fcmhbgzmxb/public_html/vendor/laravel/framework/src/Illuminate/Routing/Router.php(748): Illuminate\\Routing\\Router->runRoute()
#31 /home/1216096.cloudwaysapps.com/fcmhbgzmxb/public_html/vendor/laravel/framework/src/Illuminate/Routing/Router.php(737): Illuminate\\Routing\\Router->dispatchToRoute()
#32 /home/1216096.cloudwaysapps.com/fcmhbgzmxb/public_html/vendor/laravel/framework/src/Illuminate/Foundation/Http/Kernel.php(200): Illuminate\\Routing\\Router->dispatch()
#33 /home/1216096.cloudwaysapps.com/fcmhbgzmxb/public_html/vendor/laravel/framework/src/Illuminate/Pipeline/Pipeline.php(144): Illuminate\\Foundation\\Http\\Kernel->{closure:Illuminate\\Foundation\\Http\\Kernel::dispatchToRouter():197}()
#34 /home/1216096.cloudwaysapps.com/fcmhbgzmxb/public_html/vendor/laravel/framework/src/Illuminate/View/Middleware/ShareErrorsFromSession.php(49): Illuminate\\Pipeline\\Pipeline->{closure:Illuminate\\Pipeline\\Pipeline::prepareDestination():142}()
#35 /home/1216096.cloudwaysapps.com/fcmhbgzmxb/public_html/vendor/laravel/framework/src/Illuminate/Pipeline/Pipeline.php(183): Illuminate\\View\\Middleware\\ShareErrorsFromSession->handle()
#36 /home/1216096.cloudwaysapps.com/fcmhbgzmxb/public_html/vendor/laravel/framework/src/Illuminate/Session/Middleware/StartSession.php(121): Illuminate\\Pipeline\\Pipeline->{closure:{closure:Illuminate\\Pipeline\\Pipeline::carry():158}:159}()
#37 /home/1216096.cloudwaysapps.com/fcmhbgzmxb/public_html/vendor/laravel/framework/src/Illuminate/Session/Middleware/StartSession.php(64): Illuminate\\Session\\Middleware\\StartSession->handleStatefulRequest()
#38 /home/1216096.cloudwaysapps.com/fcmhbgzmxb/public_html/vendor/laravel/framework/src/Illuminate/Pipeline/Pipeline.php(183): Illuminate\\Session\\Middleware\\StartSession->handle()
#39 /home/1216096.cloudwaysapps.com/fcmhbgzmxb/public_html/vendor/laravel/framework/src/Illuminate/Http/Middleware/TrustProxies.php(39): Illuminate\\Pipeline\\Pipeline->{closure:{closure:Illuminate\\Pipeline\\Pipeline::carry():158}:159}()
#40 /home/1216096.cloudwaysapps.com/fcmhbgzmxb/public_html/vendor/laravel/framework/src/Illuminate/Pipeline/Pipeline.php(183): Illuminate\\Http\\Middleware\\TrustProxies->handle()
#41 /home/1216096.cloudwaysapps.com/fcmhbgzmxb/public_html/vendor/laravel/framework/src/Illuminate/Foundation/Http/Middleware/TransformsRequest.php(21): Illuminate\\Pipeline\\Pipeline->{closure:{closure:Illuminate\\Pipeline\\Pipeline::carry():158}:159}()
#42 /home/1216096.cloudwaysapps.com/fcmhbgzmxb/public_html/vendor/laravel/framework/src/Illuminate/Foundation/Http/Middleware/ConvertEmptyStringsToNull.php(31): Illuminate\\Foundation\\Http\\Middleware\\TransformsRequest->handle()
#43 /home/1216096.cloudwaysapps.com/fcmhbgzmxb/public_html/vendor/laravel/framework/src/Illuminate/Pipeline/Pipeline.php(183): Illuminate\\Foundation\\Http\\Middleware\\ConvertEmptyStringsToNull->handle()
#44 /home/1216096.cloudwaysapps.com/fcmhbgzmxb/public_html/vendor/laravel/framework/src/Illuminate/Foundation/Http/Middleware/TransformsRequest.php(21): Illuminate\\Pipeline\\Pipeline->{closure:{closure:Illuminate\\Pipeline\\Pipeline::carry():158}:159}()
#45 /home/1216096.cloudwaysapps.com/fcmhbgzmxb/public_html/vendor/laravel/framework/src/Illuminate/Foundation/Http/Middleware/TrimStrings.php(40): Illuminate\\Foundation\\Http\\Middleware\\TransformsRequest->handle()
#46 /home/1216096.cloudwaysapps.com/fcmhbgzmxb/public_html/vendor/laravel/framework/src/Illuminate/Pipeline/Pipeline.php(183): Illuminate\\Foundation\\Http\\Middleware\\TrimStrings->handle()
#47 /home/1216096.cloudwaysapps.com/fcmhbgzmxb/public_html/vendor/laravel/framework/src/Illuminate/Foundation/Http/Middleware/ValidatePostSize.php(27): Illuminate\\Pipeline\\Pipeline->{closure:{closure:Illuminate\\Pipeline\\Pipeline::carry():158}:159}()
#48 /home/1216096.cloudwaysapps.com/fcmhbgzmxb/public_html/vendor/laravel/framework/src/Illuminate/Pipeline/Pipeline.php(183): Illuminate\\Foundation\\Http\\Middleware\\ValidatePostSize->handle()
#49 /home/1216096.cloudwaysapps.com/fcmhbgzmxb/public_html/vendor/laravel/framework/src/Illuminate/Pipeline/Pipeline.php(119): Illuminate\\Pipeline\\Pipeline->{closure:{closure:Illuminate\\Pipeline\\Pipeline::carry():158}:159}()
#50 /home/1216096.cloudwaysapps.com/fcmhbgzmxb/public_html/vendor/laravel/framework/src/Illuminate/Foundation/Http/Kernel.php(175): Illuminate\\Pipeline\\Pipeline->then()
#51 /home/1216096.cloudwaysapps.com/fcmhbgzmxb/public_html/vendor/laravel/framework/src/Illuminate/Foundation/Http/Kernel.php(144): Illuminate\\Foundation\\Http\\Kernel->sendRequestThroughRouter()
#52 /home/1216096.cloudwaysapps.com/fcmhbgzmxb/public_html/index.php(56): Illuminate\\Foundation\\Http\\Kernel->handle()
#53 {main}
"} 
[2026-08-18 12:03:50] production.ERROR: Attempt to read property "meta_title" on null (View: /home/1216096.cloudwaysapps.com/fcmhbgzmxb/public_html/resources/views/frontend/blog/details.blade.php) {"exception":"[object] (Illuminate\\View\\ViewException(code: 0): Attempt to read property \"meta_title\" on null (View: /home/1216096.cloudwaysapps.com/fcmhbgzmxb/public_html/resources/views/frontend/blog/details.blade.php) at /home/1216096.cloudwaysapps.com/fcmhbgzmxb/public_html/storage/framework/views/8cbc4f9eae0878dd9bd3a8fa0f659a04.php:3)
[stacktrace]
#0 /home/1216096.cloudwaysapps.com/fcmhbgzmxb/public_html/vendor/laravel/framework/src/Illuminate/View/Engines/PhpEngine.php(60): Illuminate\\View\\Engines\\CompilerEngine->handleViewException()
#1 /home/1216096.cloudwaysapps.com/fcmhbgzmxb/public_html/vendor/laravel/framework/src/Illuminate/View/Engines/CompilerEngine.php(72): Illuminate\\View\\Engines\\PhpEngine->evaluatePath()
#2 /home/1216096.cloudwaysapps.com/fcmhbgzmxb/public_html/vendor/laravel/framework/src/Illuminate/View/View.php(207): Illuminate\\View\\Engines\\CompilerEngine->get()
#3 /home/1216096.cloudwaysapps.com/fcmhbgzmxb/public_html/vendor/laravel/framework/src/Illuminate/View/View.php(190): Illuminate\\View\\View->getContents()
#4 /home/1216096.cloudwaysapps.com/fcmhbgzmxb/public_html/vendor/laravel/framework/src/Illuminate/View/View.php(159): Illuminate\\View\\View->renderContents()
#5 /home/1216096.cloudwaysapps.com/fcmhbgzmxb/public_html/vendor/laravel/framework/src/Illuminate/Http/Response.php(69): Illuminate\\View\\View->render()
#6 /home/1216096.cloudwaysapps.com/fcmhbgzmxb/public_html/vendor/laravel/framework/src/Illuminate/Http/Response.php(35): Illuminate\\Http\\Response->setContent()
#7 /home/1216096.cloudwaysapps.com/fcmhbgzmxb/public_html/vendor/laravel/framework/src/Illuminate/Routing/Router.php(918): Illuminate\\Http\\Response->__construct()
#8 /home/1216096.cloudwaysapps.com/fcmhbgzmxb/public_html/vendor/laravel/framework/src/Illuminate/Routing/Router.php(885): Illuminate\\Routing\\Router::toResponse()
#9 /home/1216096.cloudwaysapps.com/fcmhbgzmxb/public_html/vendor/laravel/framework/src/Illuminate/Routing/Router.php(805): Illuminate\\Routing\\Router->prepareResponse()
#10 /home/1216096.cloudwaysapps.com/fcmhbgzmxb/public_html/vendor/laravel/framework/src/Illuminate/Pipeline/Pipeline.php(144): Illuminate\\Routing\\Router->{closure:Illuminate\\Routing\\Router::runRouteWithinStack():805}()
#11 /home/1216096.cloudwaysapps.com/fcmhbgzmxb/public_html/app/Http/Middleware/CheckForMaintenanceMode.php(64): Illuminate\\Pipeline\\Pipeline->{closure:Illuminate\\Pipeline\\Pipeline::prepareDestination():142}()
#12 /home/1216096.cloudwaysapps.com/fcmhbgzmxb/public_html/vendor/laravel/framework/src/Illuminate/Pipeline/Pipeline.php(183): App\\Http\\Middleware\\CheckForMaintenanceMode->handle()
#13 /home/1216096.cloudwaysapps.com/fcmhbgzmxb/public_html/app/Http/Middleware/HttpsProtocol.php(20): Illuminate\\Pipeline\\Pipeline->{closure:{closure:Illuminate\\Pipeline\\Pipeline::carry():158}:159}()
#14 /home/1216096.cloudwaysapps.com/fcmhbgzmxb/public_html/vendor/laravel/framework/src/Illuminate/Pipeline/Pipeline.php(183): App\\Http\\Middleware\\HttpsProtocol->handle()
#15 /home/1216096.cloudwaysapps.com/fcmhbgzmxb/public_html/app/Http/Middleware/Language.php(35): Illuminate\\Pipeline\\Pipeline->{closure:{closure:Illuminate\\Pipeline\\Pipeline::carry():158}:159}()
#16 /home/1216096.cloudwaysapps.com/fcmhbgzmxb/public_html/vendor/laravel/framework/src/Illuminate/Pipeline/Pipeline.php(183): App\\Http\\Middleware\\Language->handle()
#17 /home/1216096.cloudwaysapps.com/fcmhbgzmxb/public_html/vendor/laravel/framework/src/Illuminate/Routing/Middleware/SubstituteBindings.php(50): Illuminate\\Pipeline\\Pipeline->{closure:{closure:Illuminate\\Pipeline\\Pipeline::carry():158}:159}()
#18 /home/1216096.cloudwaysapps.com/fcmhbgzmxb/public_html/vendor/laravel/framework/src/Illuminate/Pipeline/Pipeline.php(183): Illuminate\\Routing\\Middleware\\SubstituteBindings->handle()
#19 /home/1216096.cloudwaysapps.com/fcmhbgzmxb/public_html/vendor/laravel/framework/src/Illuminate/Foundation/Http/Middleware/VerifyCsrfToken.php(78): Illuminate\\Pipeline\\Pipeline->{closure:{closure:Illuminate\\Pipeline\\Pipeline::carry():158}:159}()
#20 /home/1216096.cloudwaysapps.com/fcmhbgzmxb/public_html/vendor/laravel/framework/src/Illuminate/Pipeline/Pipeline.php(183): Illuminate\\Foundation\\Http\\Middleware\\VerifyCsrfToken->handle()
#21 /home/1216096.cloudwaysapps.com/fcmhbgzmxb/public_html/vendor/laravel/framework/src/Illuminate/Cookie/Middleware/AddQueuedCookiesToResponse.php(37): Illuminate\\Pipeline\\Pipeline->{closure:{closure:Illuminate\\Pipeline\\Pipeline::carry():158}:159}()
#22 /home/1216096.cloudwaysapps.com/fcmhbgzmxb/public_html/vendor/laravel/framework/src/Illuminate/Pipeline/Pipeline.php(183): Illuminate\\Cookie\\Middleware\\AddQueuedCookiesToResponse->handle()
#23 /home/1216096.cloudwaysapps.com/fcmhbgzmxb/public_html/vendor/laravel/framework/src/Illuminate/Pipeline/Pipeline.php(119): Illuminate\\Pipeline\\Pipeline->{closure:{closure:Illuminate\\Pipeline\\Pipeline::carry():158}:159}()
#24 /home/1216096.cloudwaysapps.com/fcmhbgzmxb/public_html/vendor/laravel/framework/src/Illuminate/Routing/Router.php(805): Illuminate\\Pipeline\\Pipeline->then()
#25 /home/1216096.cloudwaysapps.com/fcmhbgzmxb/public_html/vendor/laravel/framework/src/Illuminate/Routing/Router.php(784): Illuminate\\Routing\\Router->runRouteWithinStack()
#26 /home/1216096.cloudwaysapps.com/fcmhbgzmxb/public_html/vendor/laravel/framework/src/Illuminate/Routing/Router.php(748): Illuminate\\Routing\\Router->runRoute()
#27 /home/1216096.cloudwaysapps.com/fcmhbgzmxb/public_html/vendor/laravel/framework/src/Illuminate/Routing/Router.php(737): Illuminate\\Routing\\Router->dispatchToRoute()
#28 /home/1216096.cloudwaysapps.com/fcmhbgzmxb/public_html/vendor/laravel/framework/src/Illuminate/Foundation/Http/Kernel.php(200): Illuminate\\Routing\\Router->dispatch()
#29 /home/1216096.cloudwaysapps.com/fcmhbgzmxb/public_html/vendor/laravel/framework/src/Illuminate/Pipeline/Pipeline.php(144): Illuminate\\Foundation\\Http\\Kernel->{closure:Illuminate\\Foundation\\Http\\Kernel::dispatchToRouter():197}()
#30 /home/1216096.cloudwaysapps.com/fcmhbgzmxb/public_html/vendor/laravel/framework/src/Illuminate/View/Middleware/ShareErrorsFromSession.php(49): Illuminate\\Pipeline\\Pipeline->{closure:Illuminate\\Pipeline\\Pipeline::prepareDestination():142}()
#31 /home/1216096.cloudwaysapps.com/fcmhbgzmxb/public_html/vendor/laravel/framework/src/Illuminate/Pipeline/Pipeline.php(183): Illuminate\\View\\Middleware\\ShareErrorsFromSession->handle()
#32 /home/1216096.cloudwaysapps.com/fcmhbgzmxb/public_html/vendor/laravel/framework/src/Illuminate/Session/Middleware/StartSession.php(121): Illuminate\\Pipeline\\Pipeline->{closure:{closure:Illuminate\\Pipeline\\Pipeline::carry():158}:159}()
#33 /home/1216096.cloudwaysapps.com/fcmhbgzmxb/public_html/vendor/laravel/framework/src/Illuminate/Session/Middleware/StartSession.php(64): Illuminate\\Session\\Middleware\\StartSession->handleStatefulRequest()
#34 /home/1216096.cloudwaysapps.com/fcmhbgzmxb/public_html/vendor/laravel/framework/src/Illuminate/Pipeline/Pipeline.php(183): Illuminate\\Session\\Middleware\\StartSession->handle()
#35 /home/1216096.cloudwaysapps.com/fcmhbgzmxb/public_html/vendor/laravel/framework/src/Illuminate/Http/Middleware/TrustProxies.php(39): Illuminate\\Pipeline\\Pipeline->{closure:{closure:Illuminate\\Pipeline\\Pipeline::carry():158}:159}()
#36 /home/1216096.cloudwaysapps.com/fcmhbgzmxb/public_html/vendor/laravel/framework/src/Illuminate/Pipeline/Pipeline.php(183): Illuminate\\Http\\Middleware\\TrustProxies->handle()
#37 /home/1216096.cloudwaysapps.com/fcmhbgzmxb/public_html/vendor/laravel/framework/src/Illuminate/Foundation/Http/Middleware/TransformsRequest.php(21): Illuminate\\Pipeline\\Pipeline->{closure:{closure:Illuminate\\Pipeline\\Pipeline::carry():158}:159}()
#38 /home/1216096.cloudwaysapps.com/fcmhbgzmxb/public_html/vendor/laravel/framework/src/Illuminate/Foundation/Http/Middleware/ConvertEmptyStringsToNull.php(31): Illuminate\\Foundation\\Http\\Middleware\\TransformsRequest->handle()
#39 /home/1216096.cloudwaysapps.com/fcmhbgzmxb/public_html/vendor/laravel/framework/src/Illuminate/Pipeline/Pipeline.php(183): Illuminate\\Foundation\\Http\\Middleware\\ConvertEmptyStringsToNull->handle()
#40 /home/1216096.cloudwaysapps.com/fcmhbgzmxb/public_html/vendor/laravel/framework/src/Illuminate/Foundation/Http/Middleware/TransformsRequest.php(21): Illuminate\\Pipeline\\Pipeline->{closure:{closure:Illuminate\\Pipeline\\Pipeline::carry():158}:159}()
#41 /home/1216096.cloudwaysapps.com/fcmhbgzmxb/public_html/vendor/laravel/framework/src/Illuminate/Foundation/Http/Middleware/TrimStrings.php(40): Illuminate\\Foundation\\Http\\Middleware\\TransformsRequest->handle()
#42 /home/1216096.cloudwaysapps.com/fcmhbgzmxb/public_html/vendor/laravel/framework/src/Illuminate/Pipeline/Pipeline.php(183): Illuminate\\Foundation\\Http\\Middleware\\TrimStrings->handle()
#43 /home/1216096.cloudwaysapps.com/fcmhbgzmxb/public_html/vendor/laravel/framework/src/Illuminate/Foundation/Http/Middleware/ValidatePostSize.php(27): Illuminate\\Pipeline\\Pipeline->{closure:{closure:Illuminate\\Pipeline\\Pipeline::carry():158}:159}()
#44 /home/1216096.cloudwaysapps.com/fcmhbgzmxb/public_html/vendor/laravel/framework/src/Illuminate/Pipeline/Pipeline.php(183): Illuminate\\Foundation\\Http\\Middleware\\ValidatePostSize->handle()
#45 /home/1216096.cloudwaysapps.com/fcmhbgzmxb/public_html/vendor/laravel/framework/src/Illuminate/Pipeline/Pipeline.php(119): Illuminate\\Pipeline\\Pipeline->{closure:{closure:Illuminate\\Pipeline\\Pipeline::carry():158}:159}()
#46 /home/1216096.cloudwaysapps.com/fcmhbgzmxb/public_html/vendor/laravel/framework/src/Illuminate/Foundation/Http/Kernel.php(175): Illuminate\\Pipeline\\Pipeline->then()
#47 /home/1216096.cloudwaysapps.com/fcmhbgzmxb/public_html/vendor/laravel/framework/src/Illuminate/Foundation/Http/Kernel.php(144): Illuminate\\Foundation\\Http\\Kernel->sendRequestThroughRouter()
#48 /home/1216096.cloudwaysapps.com/fcmhbgzmxb/public_html/index.php(56): Illuminate\\Foundation\\Http\\Kernel->handle()
#49 {main}

[previous exception] [object] (ErrorException(code: 0): Attempt to read property \"meta_title\" on null at /home/1216096.cloudwaysapps.com/fcmhbgzmxb/public_html/storage/framework/views/8cbc4f9eae0878dd9bd3a8fa0f659a04.php:3)
[stacktrace]
#0 /home/1216096.cloudwaysapps.com/fcmhbgzmxb/public_html/vendor/laravel/framework/src/Illuminate/Foundation/Bootstrap/HandleExceptions.php(255): Illuminate\\Foundation\\Bootstrap\\HandleExceptions->handleError()
#1 /home/1216096.cloudwaysapps.com/fcmhbgzmxb/public_html/storage/framework/views/8cbc4f9eae0878dd9bd3a8fa0f659a04.php(3): Illuminate\\Foundation\\Bootstrap\\HandleExceptions->{closure:Illuminate\\Foundation\\Bootstrap\\HandleExceptions::forwardsTo():254}()
#2 /home/1216096.cloudwaysapps.com/fcmhbgzmxb/public_html/vendor/laravel/framework/src/Illuminate/Filesystem/Filesystem.php(123): require('/home/1216096.c...')
#3 /home/1216096.cloudwaysapps.com/fcmhbgzmxb/public_html/vendor/laravel/framework/src/Illuminate/Filesystem/Filesystem.php(124): Illuminate\\Filesystem\\Filesystem::{closure:Illuminate\\Filesystem\\Filesystem::getRequire():120}()
#4 /home/1216096.cloudwaysapps.com/fcmhbgzmxb/public_html/vendor/laravel/framework/src/Illuminate/View/Engines/PhpEngine.php(58): Illuminate\\Filesystem\\Filesystem->getRequire()
#5 /home/1216096.cloudwaysapps.com/fcmhbgzmxb/public_html/vendor/laravel/framework/src/Illuminate/View/Engines/CompilerEngine.php(72): Illuminate\\View\\Engines\\PhpEngine->evaluatePath()
#6 /home/1216096.cloudwaysapps.com/fcmhbgzmxb/public_html/vendor/laravel/framework/src/Illuminate/View/View.php(207): Illuminate\\View\\Engines\\CompilerEngine->get()
#7 /home/1216096.cloudwaysapps.com/fcmhbgzmxb/public_html/vendor/laravel/framework/src/Illuminate/View/View.php(190): Illuminate\\View\\View->getContents()
#8 /home/1216096.cloudwaysapps.com/fcmhbgzmxb/public_html/vendor/laravel/framework/src/Illuminate/View/View.php(159): Illuminate\\View\\View->renderContents()
#9 /home/1216096.cloudwaysapps.com/fcmhbgzmxb/public_html/vendor/laravel/framework/src/Illuminate/Http/Response.php(69): Illuminate\\View\\View->render()
#10 /home/1216096.cloudwaysapps.com/fcmhbgzmxb/public_html/vendor/laravel/framework/src/Illuminate/Http/Response.php(35): Illuminate\\Http\\Response->setContent()
#11 /home/1216096.cloudwaysapps.com/fcmhbgzmxb/public_html/vendor/laravel/framework/src/Illuminate/Routing/Router.php(918): Illuminate\\Http\\Response->__construct()
#12 /home/1216096.cloudwaysapps.com/fcmhbgzmxb/public_html/vendor/laravel/framework/src/Illuminate/Routing/Router.php(885): Illuminate\\Routing\\Router::toResponse()
#13 /home/1216096.cloudwaysapps.com/fcmhbgzmxb/public_html/vendor/laravel/framework/src/Illuminate/Routing/Router.php(805): Illuminate\\Routing\\Router->prepareResponse()
#14 /home/1216096.cloudwaysapps.com/fcmhbgzmxb/public_html/vendor/laravel/framework/src/Illuminate/Pipeline/Pipeline.php(144): Illuminate\\Routing\\Router->{closure:Illuminate\\Routing\\Router::runRouteWithinStack():805}()
#15 /home/1216096.cloudwaysapps.com/fcmhbgzmxb/public_html/app/Http/Middleware/CheckForMaintenanceMode.php(64): Illuminate\\Pipeline\\Pipeline->{closure:Illuminate\\Pipeline\\Pipeline::prepareDestination():142}()
#16 /home/1216096.cloudwaysapps.com/fcmhbgzmxb/public_html/vendor/laravel/framework/src/Illuminate/Pipeline/Pipeline.php(183): App\\Http\\Middleware\\CheckForMaintenanceMode->handle()
#17 /home/1216096.cloudwaysapps.com/fcmhbgzmxb/public_html/app/Http/Middleware/HttpsProtocol.php(20): Illuminate\\Pipeline\\Pipeline->{closure:{closure:Illuminate\\Pipeline\\Pipeline::carry():158}:159}()
#18 /home/1216096.cloudwaysapps.com/fcmhbgzmxb/public_html/vendor/laravel/framework/src/Illuminate/Pipeline/Pipeline.php(183): App\\Http\\Middleware\\HttpsProtocol->handle()
#19 /home/1216096.cloudwaysapps.com/fcmhbgzmxb/public_html/app/Http/Middleware/Language.php(35): Illuminate\\Pipeline\\Pipeline->{closure:{closure:Illuminate\\Pipeline\\Pipeline::carry():158}:159}()
#20 /home/1216096.cloudwaysapps.com/fcmhbgzmxb/public_html/vendor/laravel/framework/src/Illuminate/Pipeline/Pipeline.php(183): App\\Http\\Middleware\\Language->handle()
#21 /home/1216096.cloudwaysapps.com/fcmhbgzmxb/public_html/vendor/laravel/framework/src/Illuminate/Routing/Middleware/SubstituteBindings.php(50): Illuminate\\Pipeline\\Pipeline->{closure:{closure:Illuminate\\Pipeline\\Pipeline::carry():158}:159}()
#22 /home/1216096.cloudwaysapps.com/fcmhbgzmxb/public_html/vendor/laravel/framework/src/Illuminate/Pipeline/Pipeline.php(183): Illuminate\\Routing\\Middleware\\SubstituteBindings->handle()
#23 /home/1216096.cloudwaysapps.com/fcmhbgzmxb/public_html/vendor/laravel/framework/src/Illuminate/Foundation/Http/Middleware/VerifyCsrfToken.php(78): Illuminate\\Pipeline\\Pipeline->{closure:{closure:Illuminate\\Pipeline\\Pipeline::carry():158}:159}()
#24 /home/1216096.cloudwaysapps.com/fcmhbgzmxb/public_html/vendor/laravel/framework/src/Illuminate/Pipeline/Pipeline.php(183): Illuminate\\Foundation\\Http\\Middleware\\VerifyCsrfToken->handle()
#25 /home/1216096.cloudwaysapps.com/fcmhbgzmxb/public_html/vendor/laravel/framework/src/Illuminate/Cookie/Middleware/AddQueuedCookiesToResponse.php(37): Illuminate\\Pipeline\\Pipeline->{closure:{closure:Illuminate\\Pipeline\\Pipeline::carry():158}:159}()
#26 /home/1216096.cloudwaysapps.com/fcmhbgzmxb/public_html/vendor/laravel/framework/src/Illuminate/Pipeline/Pipeline.php(183): Illuminate\\Cookie\\Middleware\\AddQueuedCookiesToResponse->handle()
#27 /home/1216096.cloudwaysapps.com/fcmhbgzmxb/public_html/vendor/laravel/framework/src/Illuminate/Pipeline/Pipeline.php(119): Illuminate\\Pipeline\\Pipeline->{closure:{closure:Illuminate\\Pipeline\\Pipeline::carry():158}:159}()
#28 /home/1216096.cloudwaysapps.com/fcmhbgzmxb/public_html/vendor/laravel/framework/src/Illuminate/Routing/Router.php(805): Illuminate\\Pipeline\\Pipeline->then()
#29 /home/1216096.cloudwaysapps.com/fcmhbgzmxb/public_html/vendor/laravel/framework/src/Illuminate/Routing/Router.php(784): Illuminate\\Routing\\Router->runRouteWithinStack()
#30 /home/1216096.cloudwaysapps.com/fcmhbgzmxb/public_html/vendor/laravel/framework/src/Illuminate/Routing/Router.php(748): Illuminate\\Routing\\Router->runRoute()
#31 /home/1216096.cloudwaysapps.com/fcmhbgzmxb/public_html/vendor/laravel/framework/src/Illuminate/Routing/Router.php(737): Illuminate\\Routing\\Router->dispatchToRoute()
#32 /home/1216096.cloudwaysapps.com/fcmhbgzmxb/public_html/vendor/laravel/framework/src/Illuminate/Foundation/Http/Kernel.php(200): Illuminate\\Routing\\Router->dispatch()
#33 /home/1216096.cloudwaysapps.com/fcmhbgzmxb/public_html/vendor/laravel/framework/src/Illuminate/Pipeline/Pipeline.php(144): Illuminate\\Foundation\\Http\\Kernel->{closure:Illuminate\\Foundation\\Http\\Kernel::dispatchToRouter():197}()
#34 /home/1216096.cloudwaysapps.com/fcmhbgzmxb/public_html/vendor/laravel/framework/src/Illuminate/View/Middleware/ShareErrorsFromSession.php(49): Illuminate\\Pipeline\\Pipeline->{closure:Illuminate\\Pipeline\\Pipeline::prepareDestination():142}()
#35 /home/1216096.cloudwaysapps.com/fcmhbgzmxb/public_html/vendor/laravel/framework/src/Illuminate/Pipeline/Pipeline.php(183): Illuminate\\View\\Middleware\\ShareErrorsFromSession->handle()
#36 /home/1216096.cloudwaysapps.com/fcmhbgzmxb/public_html/vendor/laravel/framework/src/Illuminate/Session/Middleware/StartSession.php(121): Illuminate\\Pipeline\\Pipeline->{closure:{closure:Illuminate\\Pipeline\\Pipeline::carry():158}:159}()
#37 /home/1216096.cloudwaysapps.com/fcmhbgzmxb/public_html/vendor/laravel/framework/src/Illuminate/Session/Middleware/StartSession.php(64): Illuminate\\Session\\Middleware\\StartSession->handleStatefulRequest()
#38 /home/1216096.cloudwaysapps.com/fcmhbgzmxb/public_html/vendor/laravel/framework/src/Illuminate/Pipeline/Pipeline.php(183): Illuminate\\Session\\Middleware\\StartSession->handle()
#39 /home/1216096.cloudwaysapps.com/fcmhbgzmxb/public_html/vendor/laravel/framework/src/Illuminate/Http/Middleware/TrustProxies.php(39): Illuminate\\Pipeline\\Pipeline->{closure:{closure:Illuminate\\Pipeline\\Pipeline::carry():158}:159}()
#40 /home/1216096.cloudwaysapps.com/fcmhbgzmxb/public_html/vendor/laravel/framework/src/Illuminate/Pipeline/Pipeline.php(183): Illuminate\\Http\\Middleware\\TrustProxies->handle()
#41 /home/1216096.cloudwaysapps.com/fcmhbgzmxb/public_html/vendor/laravel/framework/src/Illuminate/Foundation/Http/Middleware/TransformsRequest.php(21): Illuminate\\Pipeline\\Pipeline->{closure:{closure:Illuminate\\Pipeline\\Pipeline::carry():158}:159}()
#42 /home/1216096.cloudwaysapps.com/fcmhbgzmxb/public_html/vendor/laravel/framework/src/Illuminate/Foundation/Http/Middleware/ConvertEmptyStringsToNull.php(31): Illuminate\\Foundation\\Http\\Middleware\\TransformsRequest->handle()
#43 /home/1216096.cloudwaysapps.com/fcmhbgzmxb/public_html/vendor/laravel/framework/src/Illuminate/Pipeline/Pipeline.php(183): Illuminate\\Foundation\\Http\\Middleware\\ConvertEmptyStringsToNull->handle()
#44 /home/1216096.cloudwaysapps.com/fcmhbgzmxb/public_html/vendor/laravel/framework/src/Illuminate/Foundation/Http/Middleware/TransformsRequest.php(21): Illuminate\\Pipeline\\Pipeline->{closure:{closure:Illuminate\\Pipeline\\Pipeline::carry():158}:159}()
#45 /home/1216096.cloudwaysapps.com/fcmhbgzmxb/public_html/vendor/laravel/framework/src/Illuminate/Foundation/Http/Middleware/TrimStrings.php(40): Illuminate\\Foundation\\Http\\Middleware\\TransformsRequest->handle()
#46 /home/1216096.cloudwaysapps.com/fcmhbgzmxb/public_html/vendor/laravel/framework/src/Illuminate/Pipeline/Pipeline.php(183): Illuminate\\Foundation\\Http\\Middleware\\TrimStrings->handle()
#47 /home/1216096.cloudwaysapps.com/fcmhbgzmxb/public_html/vendor/laravel/framework/src/Illuminate/Foundation/Http/Middleware/ValidatePostSize.php(27): Illuminate\\Pipeline\\Pipeline->{closure:{closure:Illuminate\\Pipeline\\Pipeline::carry():158}:159}()
#48 /home/1216096.cloudwaysapps.com/fcmhbgzmxb/public_html/vendor/laravel/framework/src/Illuminate/Pipeline/Pipeline.php(183): Illuminate\\Foundation\\Http\\Middleware\\ValidatePostSize->handle()
#49 /home/1216096.cloudwaysapps.com/fcmhbgzmxb/public_html/vendor/laravel/framework/src/Illuminate/Pipeline/Pipeline.php(119): Illuminate\\Pipeline\\Pipeline->{closure:{closure:Illuminate\\Pipeline\\Pipeline::carry():158}:159}()
#50 /home/1216096.cloudwaysapps.com/fcmhbgzmxb/public_html/vendor/laravel/framework/src/Illuminate/Foundation/Http/Kernel.php(175): Illuminate\\Pipeline\\Pipeline->then()
#51 /home/1216096.cloudwaysapps.com/fcmhbgzmxb/public_html/vendor/laravel/framework/src/Illuminate/Foundation/Http/Kernel.php(144): Illuminate\\Foundation\\Http\\Kernel->sendRequestThroughRouter()
#52 /home/1216096.cloudwaysapps.com/fcmhbgzmxb/public_html/index.php(56): Illuminate\\Foundation\\Http\\Kernel->handle()
#53 {main}
"} 
[2026-08-18 18:10:35] production.ERROR: Attempt to read property "meta_title" on null (View: /home/1216096.cloudwaysapps.com/fcmhbgzmxb/public_html/resources/views/frontend/blog/details.blade.php) {"exception":"[object] (Illuminate\\View\\ViewException(code: 0): Attempt to read property \"meta_title\" on null (View: /home/1216096.cloudwaysapps.com/fcmhbgzmxb/public_html/resources/views/frontend/blog/details.blade.php) at /home/1216096.cloudwaysapps.com/fcmhbgzmxb/public_html/storage/framework/views/8cbc4f9eae0878dd9bd3a8fa0f659a04.php:3)
[stacktrace]
#0 /home/1216096.cloudwaysapps.com/fcmhbgzmxb/public_html/vendor/laravel/framework/src/Illuminate/View/Engines/PhpEngine.php(60): Illuminate\\View\\Engines\\CompilerEngine->handleViewException()
#1 /home/1216096.cloudwaysapps.com/fcmhbgzmxb/public_html/vendor/laravel/framework/src/Illuminate/View/Engines/CompilerEngine.php(72): Illuminate\\View\\Engines\\PhpEngine->evaluatePath()
#2 /home/1216096.cloudwaysapps.com/fcmhbgzmxb/public_html/vendor/laravel/framework/src/Illuminate/View/View.php(207): Illuminate\\View\\Engines\\CompilerEngine->get()
#3 /home/1216096.cloudwaysapps.com/fcmhbgzmxb/public_html/vendor/laravel/framework/src/Illuminate/View/View.php(190): Illuminate\\View\\View->getContents()
#4 /home/1216096.cloudwaysapps.com/fcmhbgzmxb/public_html/vendor/laravel/framework/src/Illuminate/View/View.php(159): Illuminate\\View\\View->renderContents()
#5 /home/1216096.cloudwaysapps.com/fcmhbgzmxb/public_html/vendor/laravel/framework/src/Illuminate/Http/Response.php(69): Illuminate\\View\\View->render()
#6 /home/1216096.cloudwaysapps.com/fcmhbgzmxb/public_html/vendor/laravel/framework/src/Illuminate/Http/Response.php(35): Illuminate\\Http\\Response->setContent()
#7 /home/1216096.cloudwaysapps.com/fcmhbgzmxb/public_html/vendor/laravel/framework/src/Illuminate/Routing/Router.php(918): Illuminate\\Http\\Response->__construct()
#8 /home/1216096.cloudwaysapps.com/fcmhbgzmxb/public_html/vendor/laravel/framework/src/Illuminate/Routing/Router.php(885): Illuminate\\Routing\\Router::toResponse()
#9 /home/1216096.cloudwaysapps.com/fcmhbgzmxb/public_html/vendor/laravel/framework/src/Illuminate/Routing/Router.php(805): Illuminate\\Routing\\Router->prepareResponse()
#10 /home/1216096.cloudwaysapps.com/fcmhbgzmxb/public_html/vendor/laravel/framework/src/Illuminate/Pipeline/Pipeline.php(144): Illuminate\\Routing\\Router->{closure:Illuminate\\Routing\\Router::runRouteWithinStack():805}()
#11 /home/1216096.cloudwaysapps.com/fcmhbgzmxb/public_html/app/Http/Middleware/CheckForMaintenanceMode.php(64): Illuminate\\Pipeline\\Pipeline->{closure:Illuminate\\Pipeline\\Pipeline::prepareDestination():142}()
#12 /home/1216096.cloudwaysapps.com/fcmhbgzmxb/public_html/vendor/laravel/framework/src/Illuminate/Pipeline/Pipeline.php(183): App\\Http\\Middleware\\CheckForMaintenanceMode->handle()
#13 /home/1216096.cloudwaysapps.com/fcmhbgzmxb/public_html/app/Http/Middleware/HttpsProtocol.php(20): Illuminate\\Pipeline\\Pipeline->{closure:{closure:Illuminate\\Pipeline\\Pipeline::carry():158}:159}()
#14 /home/1216096.cloudwaysapps.com/fcmhbgzmxb/public_html/vendor/laravel/framework/src/Illuminate/Pipeline/Pipeline.php(183): App\\Http\\Middleware\\HttpsProtocol->handle()
#15 /home/1216096.cloudwaysapps.com/fcmhbgzmxb/public_html/app/Http/Middleware/Language.php(35): Illuminate\\Pipeline\\Pipeline->{closure:{closure:Illuminate\\Pipeline\\Pipeline::carry():158}:159}()
#16 /home/1216096.cloudwaysapps.com/fcmhbgzmxb/public_html/vendor/laravel/framework/src/Illuminate/Pipeline/Pipeline.php(183): App\\Http\\Middleware\\Language->handle()
#17 /home/1216096.cloudwaysapps.com/fcmhbgzmxb/public_html/vendor/laravel/framework/src/Illuminate/Routing/Middleware/SubstituteBindings.php(50): Illuminate\\Pipeline\\Pipeline->{closure:{closure:Illuminate\\Pipeline\\Pipeline::carry():158}:159}()
#18 /home/1216096.cloudwaysapps.com/fcmhbgzmxb/public_html/vendor/laravel/framework/src/Illuminate/Pipeline/Pipeline.php(183): Illuminate\\Routing\\Middleware\\SubstituteBindings->handle()
#19 /home/1216096.cloudwaysapps.com/fcmhbgzmxb/public_html/vendor/laravel/framework/src/Illuminate/Foundation/Http/Middleware/VerifyCsrfToken.php(78): Illuminate\\Pipeline\\Pipeline->{closure:{closure:Illuminate\\Pipeline\\Pipeline::carry():158}:159}()
#20 /home/1216096.cloudwaysapps.com/fcmhbgzmxb/public_html/vendor/laravel/framework/src/Illuminate/Pipeline/Pipeline.php(183): Illuminate\\Foundation\\Http\\Middleware\\VerifyCsrfToken->handle()
#21 /home/1216096.cloudwaysapps.com/fcmhbgzmxb/public_html/vendor/laravel/framework/src/Illuminate/Cookie/Middleware/AddQueuedCookiesToResponse.php(37): Illuminate\\Pipeline\\Pipeline->{closure:{closure:Illuminate\\Pipeline\\Pipeline::carry():158}:159}()
#22 /home/1216096.cloudwaysapps.com/fcmhbgzmxb/public_html/vendor/laravel/framework/src/Illuminate/Pipeline/Pipeline.php(183): Illuminate\\Cookie\\Middleware\\AddQueuedCookiesToResponse->handle()
#23 /home/1216096.cloudwaysapps.com/fcmhbgzmxb/public_html/vendor/laravel/framework/src/Illuminate/Pipeline/Pipeline.php(119): Illuminate\\Pipeline\\Pipeline->{closure:{closure:Illuminate\\Pipeline\\Pipeline::carry():158}:159}()
#24 /home/1216096.cloudwaysapps.com/fcmhbgzmxb/public_html/vendor/laravel/framework/src/Illuminate/Routing/Router.php(805): Illuminate\\Pipeline\\Pipeline->then()
#25 /home/1216096.cloudwaysapps.com/fcmhbgzmxb/public_html/vendor/laravel/framework/src/Illuminate/Routing/Router.php(784): Illuminate\\Routing\\Router->runRouteWithinStack()
#26 /home/1216096.cloudwaysapps.com/fcmhbgzmxb/public_html/vendor/laravel/framework/src/Illuminate/Routing/Router.php(748): Illuminate\\Routing\\Router->runRoute()
#27 /home/1216096.cloudwaysapps.com/fcmhbgzmxb/public_html/vendor/laravel/framework/src/Illuminate/Routing/Router.php(737): Illuminate\\Routing\\Router->dispatchToRoute()
#28 /home/1216096.cloudwaysapps.com/fcmhbgzmxb/public_html/vendor/laravel/framework/src/Illuminate/Foundation/Http/Kernel.php(200): Illuminate\\Routing\\Router->dispatch()
#29 /home/1216096.cloudwaysapps.com/fcmhbgzmxb/public_html/vendor/laravel/framework/src/Illuminate/Pipeline/Pipeline.php(144): Illuminate\\Foundation\\Http\\Kernel->{closure:Illuminate\\Foundation\\Http\\Kernel::dispatchToRouter():197}()
#30 /home/1216096.cloudwaysapps.com/fcmhbgzmxb/public_html/vendor/laravel/framework/src/Illuminate/View/Middleware/ShareErrorsFromSession.php(49): Illuminate\\Pipeline\\Pipeline->{closure:Illuminate\\Pipeline\\Pipeline::prepareDestination():142}()
#31 /home/1216096.cloudwaysapps.com/fcmhbgzmxb/public_html/vendor/laravel/framework/src/Illuminate/Pipeline/Pipeline.php(183): Illuminate\\View\\Middleware\\ShareErrorsFromSession->handle()
#32 /home/1216096.cloudwaysapps.com/fcmhbgzmxb/public_html/vendor/laravel/framework/src/Illuminate/Session/Middleware/StartSession.php(121): Illuminate\\Pipeline\\Pipeline->{closure:{closure:Illuminate\\Pipeline\\Pipeline::carry():158}:159}()
#33 /home/1216096.cloudwaysapps.com/fcmhbgzmxb/public_html/vendor/laravel/framework/src/Illuminate/Session/Middleware/StartSession.php(64): Illuminate\\Session\\Middleware\\StartSession->handleStatefulRequest()
#34 /home/1216096.cloudwaysapps.com/fcmhbgzmxb/public_html/vendor/laravel/framework/src/Illuminate/Pipeline/Pipeline.php(183): Illuminate\\Session\\Middleware\\StartSession->handle()
#35 /home/1216096.cloudwaysapps.com/fcmhbgzmxb/public_html/vendor/laravel/framework/src/Illuminate/Http/Middleware/TrustProxies.php(39): Illuminate\\Pipeline\\Pipeline->{closure:{closure:Illuminate\\Pipeline\\Pipeline::carry():158}:159}()
#36 /home/1216096.cloudwaysapps.com/fcmhbgzmxb/public_html/vendor/laravel/framework/src/Illuminate/Pipeline/Pipeline.php(183): Illuminate\\Http\\Middleware\\TrustProxies->handle()
#37 /home/1216096.cloudwaysapps.com/fcmhbgzmxb/public_html/vendor/laravel/framework/src/Illuminate/Foundation/Http/Middleware/TransformsRequest.php(21): Illuminate\\Pipeline\\Pipeline->{closure:{closure:Illuminate\\Pipeline\\Pipeline::carry():158}:159}()
#38 /home/1216096.cloudwaysapps.com/fcmhbgzmxb/public_html/vendor/laravel/framework/src/Illuminate/Foundation/Http/Middleware/ConvertEmptyStringsToNull.php(31): Illuminate\\Foundation\\Http\\Middleware\\TransformsRequest->handle()
#39 /home/1216096.cloudwaysapps.com/fcmhbgzmxb/public_html/vendor/laravel/framework/src/Illuminate/Pipeline/Pipeline.php(183): Illuminate\\Foundation\\Http\\Middleware\\ConvertEmptyStringsToNull->handle()
#40 /home/1216096.cloudwaysapps.com/fcmhbgzmxb/public_html/vendor/laravel/framework/src/Illuminate/Foundation/Http/Middleware/TransformsRequest.php(21): Illuminate\\Pipeline\\Pipeline->{closure:{closure:Illuminate\\Pipeline\\Pipeline::carry():158}:159}()
#41 /home/1216096.cloudwaysapps.com/fcmhbgzmxb/public_html/vendor/laravel/framework/src/Illuminate/Foundation/Http/Middleware/TrimStrings.php(40): Illuminate\\Foundation\\Http\\Middleware\\TransformsRequest->handle()
#42 /home/1216096.cloudwaysapps.com/fcmhbgzmxb/public_html/vendor/laravel/framework/src/Illuminate/Pipeline/Pipeline.php(183): Illuminate\\Foundation\\Http\\Middleware\\TrimStrings->handle()
#43 /home/1216096.cloudwaysapps.com/fcmhbgzmxb/public_html/vendor/laravel/framework/src/Illuminate/Foundation/Http/Middleware/ValidatePostSize.php(27): Illuminate\\Pipeline\\Pipeline->{closure:{closure:Illuminate\\Pipeline\\Pipeline::carry():158}:159}()
#44 /home/1216096.cloudwaysapps.com/fcmhbgzmxb/public_html/vendor/laravel/framework/src/Illuminate/Pipeline/Pipeline.php(183): Illuminate\\Foundation\\Http\\Middleware\\ValidatePostSize->handle()
#45 /home/1216096.cloudwaysapps.com/fcmhbgzmxb/public_html/vendor/laravel/framework/src/Illuminate/Pipeline/Pipeline.php(119): Illuminate\\Pipeline\\Pipeline->{closure:{closure:Illuminate\\Pipeline\\Pipeline::carry():158}:159}()
#46 /home/1216096.cloudwaysapps.com/fcmhbgzmxb/public_html/vendor/laravel/framework/src/Illuminate/Foundation/Http/Kernel.php(175): Illuminate\\Pipeline\\Pipeline->then()
#47 /home/1216096.cloudwaysapps.com/fcmhbgzmxb/public_html/vendor/laravel/framework/src/Illuminate/Foundation/Http/Kernel.php(144): Illuminate\\Foundation\\Http\\Kernel->sendRequestThroughRouter()
#48 /home/1216096.cloudwaysapps.com/fcmhbgzmxb/public_html/index.php(56): Illuminate\\Foundation\\Http\\Kernel->handle()
#49 {main}

[previous exception] [object] (ErrorException(code: 0): Attempt to read property \"meta_title\" on null at /home/1216096.cloudwaysapps.com/fcmhbgzmxb/public_html/storage/framework/views/8cbc4f9eae0878dd9bd3a8fa0f659a04.php:3)
[stacktrace]
#0 /home/1216096.cloudwaysapps.com/fcmhbgzmxb/public_html/vendor/laravel/framework/src/Illuminate/Foundation/Bootstrap/HandleExceptions.php(255): Illuminate\\Foundation\\Bootstrap\\HandleExceptions->handleError()
#1 /home/1216096.cloudwaysapps.com/fcmhbgzmxb/public_html/storage/framework/views/8cbc4f9eae0878dd9bd3a8fa0f659a04.php(3): Illuminate\\Foundation\\Bootstrap\\HandleExceptions->{closure:Illuminate\\Foundation\\Bootstrap\\HandleExceptions::forwardsTo():254}()
#2 /home/1216096.cloudwaysapps.com/fcmhbgzmxb/public_html/vendor/laravel/framework/src/Illuminate/Filesystem/Filesystem.php(123): require('/home/1216096.c...')
#3 /home/1216096.cloudwaysapps.com/fcmhbgzmxb/public_html/vendor/laravel/framework/src/Illuminate/Filesystem/Filesystem.php(124): Illuminate\\Filesystem\\Filesystem::{closure:Illuminate\\Filesystem\\Filesystem::getRequire():120}()
#4 /home/1216096.cloudwaysapps.com/fcmhbgzmxb/public_html/vendor/laravel/framework/src/Illuminate/View/Engines/PhpEngine.php(58): Illuminate\\Filesystem\\Filesystem->getRequire()
#5 /home/1216096.cloudwaysapps.com/fcmhbgzmxb/public_html/vendor/laravel/framework/src/Illuminate/View/Engines/CompilerEngine.php(72): Illuminate\\View\\Engines\\PhpEngine->evaluatePath()
#6 /home/1216096.cloudwaysapps.com/fcmhbgzmxb/public_html/vendor/laravel/framework/src/Illuminate/View/View.php(207): Illuminate\\View\\Engines\\CompilerEngine->get()
#7 /home/1216096.cloudwaysapps.com/fcmhbgzmxb/public_html/vendor/laravel/framework/src/Illuminate/View/View.php(190): Illuminate\\View\\View->getContents()
#8 /home/1216096.cloudwaysapps.com/fcmhbgzmxb/public_html/vendor/laravel/framework/src/Illuminate/View/View.php(159): Illuminate\\View\\View->renderContents()
#9 /home/1216096.cloudwaysapps.com/fcmhbgzmxb/public_html/vendor/laravel/framework/src/Illuminate/Http/Response.php(69): Illuminate\\View\\View->render()
#10 /home/1216096.cloudwaysapps.com/fcmhbgzmxb/public_html/vendor/laravel/framework/src/Illuminate/Http/Response.php(35): Illuminate\\Http\\Response->setContent()
#11 /home/1216096.cloudwaysapps.com/fcmhbgzmxb/public_html/vendor/laravel/framework/src/Illuminate/Routing/Router.php(918): Illuminate\\Http\\Response->__construct()
#12 /home/1216096.cloudwaysapps.com/fcmhbgzmxb/public_html/vendor/laravel/framework/src/Illuminate/Routing/Router.php(885): Illuminate\\Routing\\Router::toResponse()
#13 /home/1216096.cloudwaysapps.com/fcmhbgzmxb/public_html/vendor/laravel/framework/src/Illuminate/Routing/Router.php(805): Illuminate\\Routing\\Router->prepareResponse()
#14 /home/1216096.cloudwaysapps.com/fcmhbgzmxb/public_html/vendor/laravel/framework/src/Illuminate/Pipeline/Pipeline.php(144): Illuminate\\Routing\\Router->{closure:Illuminate\\Routing\\Router::runRouteWithinStack():805}()
#15 /home/1216096.cloudwaysapps.com/fcmhbgzmxb/public_html/app/Http/Middleware/CheckForMaintenanceMode.php(64): Illuminate\\Pipeline\\Pipeline->{closure:Illuminate\\Pipeline\\Pipeline::prepareDestination():142}()
#16 /home/1216096.cloudwaysapps.com/fcmhbgzmxb/public_html/vendor/laravel/framework/src/Illuminate/Pipeline/Pipeline.php(183): App\\Http\\Middleware\\CheckForMaintenanceMode->handle()
#17 /home/1216096.cloudwaysapps.com/fcmhbgzmxb/public_html/app/Http/Middleware/HttpsProtocol.php(20): Illuminate\\Pipeline\\Pipeline->{closure:{closure:Illuminate\\Pipeline\\Pipeline::carry():158}:159}()
#18 /home/1216096.cloudwaysapps.com/fcmhbgzmxb/public_html/vendor/laravel/framework/src/Illuminate/Pipeline/Pipeline.php(183): App\\Http\\Middleware\\HttpsProtocol->handle()
#19 /home/1216096.cloudwaysapps.com/fcmhbgzmxb/public_html/app/Http/Middleware/Language.php(35): Illuminate\\Pipeline\\Pipeline->{closure:{closure:Illuminate\\Pipeline\\Pipeline::carry():158}:159}()
#20 /home/1216096.cloudwaysapps.com/fcmhbgzmxb/public_html/vendor/laravel/framework/src/Illuminate/Pipeline/Pipeline.php(183): App\\Http\\Middleware\\Language->handle()
#21 /home/1216096.cloudwaysapps.com/fcmhbgzmxb/public_html/vendor/laravel/framework/src/Illuminate/Routing/Middleware/SubstituteBindings.php(50): Illuminate\\Pipeline\\Pipeline->{closure:{closure:Illuminate\\Pipeline\\Pipeline::carry():158}:159}()
#22 /home/1216096.cloudwaysapps.com/fcmhbgzmxb/public_html/vendor/laravel/framework/src/Illuminate/Pipeline/Pipeline.php(183): Illuminate\\Routing\\Middleware\\SubstituteBindings->handle()
#23 /home/1216096.cloudwaysapps.com/fcmhbgzmxb/public_html/vendor/laravel/framework/src/Illuminate/Foundation/Http/Middleware/VerifyCsrfToken.php(78): Illuminate\\Pipeline\\Pipeline->{closure:{closure:Illuminate\\Pipeline\\Pipeline::carry():158}:159}()
#24 /home/1216096.cloudwaysapps.com/fcmhbgzmxb/public_html/vendor/laravel/framework/src/Illuminate/Pipeline/Pipeline.php(183): Illuminate\\Foundation\\Http\\Middleware\\VerifyCsrfToken->handle()
#25 /home/1216096.cloudwaysapps.com/fcmhbgzmxb/public_html/vendor/laravel/framework/src/Illuminate/Cookie/Middleware/AddQueuedCookiesToResponse.php(37): Illuminate\\Pipeline\\Pipeline->{closure:{closure:Illuminate\\Pipeline\\Pipeline::carry():158}:159}()
#26 /home/1216096.cloudwaysapps.com/fcmhbgzmxb/public_html/vendor/laravel/framework/src/Illuminate/Pipeline/Pipeline.php(183): Illuminate\\Cookie\\Middleware\\AddQueuedCookiesToResponse->handle()
#27 /home/1216096.cloudwaysapps.com/fcmhbgzmxb/public_html/vendor/laravel/framework/src/Illuminate/Pipeline/Pipeline.php(119): Illuminate\\Pipeline\\Pipeline->{closure:{closure:Illuminate\\Pipeline\\Pipeline::carry():158}:159}()
#28 /home/1216096.cloudwaysapps.com/fcmhbgzmxb/public_html/vendor/laravel/framework/src/Illuminate/Routing/Router.php(805): Illuminate\\Pipeline\\Pipeline->then()
#29 /home/1216096.cloudwaysapps.com/fcmhbgzmxb/public_html/vendor/laravel/framework/src/Illuminate/Routing/Router.php(784): Illuminate\\Routing\\Router->runRouteWithinStack()
#30 /home/1216096.cloudwaysapps.com/fcmhbgzmxb/public_html/vendor/laravel/framework/src/Illuminate/Routing/Router.php(748): Illuminate\\Routing\\Router->runRoute()
#31 /home/1216096.cloudwaysapps.com/fcmhbgzmxb/public_html/vendor/laravel/framework/src/Illuminate/Routing/Router.php(737): Illuminate\\Routing\\Router->dispatchToRoute()
#32 /home/1216096.cloudwaysapps.com/fcmhbgzmxb/public_html/vendor/laravel/framework/src/Illuminate/Foundation/Http/Kernel.php(200): Illuminate\\Routing\\Router->dispatch()
#33 /home/1216096.cloudwaysapps.com/fcmhbgzmxb/public_html/vendor/laravel/framework/src/Illuminate/Pipeline/Pipeline.php(144): Illuminate\\Foundation\\Http\\Kernel->{closure:Illuminate\\Foundation\\Http\\Kernel::dispatchToRouter():197}()
#34 /home/1216096.cloudwaysapps.com/fcmhbgzmxb/public_html/vendor/laravel/framework/src/Illuminate/View/Middleware/ShareErrorsFromSession.php(49): Illuminate\\Pipeline\\Pipeline->{closure:Illuminate\\Pipeline\\Pipeline::prepareDestination():142}()
#35 /home/1216096.cloudwaysapps.com/fcmhbgzmxb/public_html/vendor/laravel/framework/src/Illuminate/Pipeline/Pipeline.php(183): Illuminate\\View\\Middleware\\ShareErrorsFromSession->handle()
#36 /home/1216096.cloudwaysapps.com/fcmhbgzmxb/public_html/vendor/laravel/framework/src/Illuminate/Session/Middleware/StartSession.php(121): Illuminate\\Pipeline\\Pipeline->{closure:{closure:Illuminate\\Pipeline\\Pipeline::carry():158}:159}()
#37 /home/1216096.cloudwaysapps.com/fcmhbgzmxb/public_html/vendor/laravel/framework/src/Illuminate/Session/Middleware/StartSession.php(64): Illuminate\\Session\\Middleware\\StartSession->handleStatefulRequest()
#38 /home/1216096.cloudwaysapps.com/fcmhbgzmxb/public_html/vendor/laravel/framework/src/Illuminate/Pipeline/Pipeline.php(183): Illuminate\\Session\\Middleware\\StartSession->handle()
#39 /home/1216096.cloudwaysapps.com/fcmhbgzmxb/public_html/vendor/laravel/framework/src/Illuminate/Http/Middleware/TrustProxies.php(39): Illuminate\\Pipeline\\Pipeline->{closure:{closure:Illuminate\\Pipeline\\Pipeline::carry():158}:159}()
#40 /home/1216096.cloudwaysapps.com/fcmhbgzmxb/public_html/vendor/laravel/framework/src/Illuminate/Pipeline/Pipeline.php(183): Illuminate\\Http\\Middleware\\TrustProxies->handle()
#41 /home/1216096.cloudwaysapps.com/fcmhbgzmxb/public_html/vendor/laravel/framework/src/Illuminate/Foundation/Http/Middleware/TransformsRequest.php(21): Illuminate\\Pipeline\\Pipeline->{closure:{closure:Illuminate\\Pipeline\\Pipeline::carry():158}:159}()
#42 /home/1216096.cloudwaysapps.com/fcmhbgzmxb/public_html/vendor/laravel/framework/src/Illuminate/Foundation/Http/Middleware/ConvertEmptyStringsToNull.php(31): Illuminate\\Foundation\\Http\\Middleware\\TransformsRequest->handle()
#43 /home/1216096.cloudwaysapps.com/fcmhbgzmxb/public_html/vendor/laravel/framework/src/Illuminate/Pipeline/Pipeline.php(183): Illuminate\\Foundation\\Http\\Middleware\\ConvertEmptyStringsToNull->handle()
#44 /home/1216096.cloudwaysapps.com/fcmhbgzmxb/public_html/vendor/laravel/framework/src/Illuminate/Foundation/Http/Middleware/TransformsRequest.php(21): Illuminate\\Pipeline\\Pipeline->{closure:{closure:Illuminate\\Pipeline\\Pipeline::carry():158}:159}()
#45 /home/1216096.cloudwaysapps.com/fcmhbgzmxb/public_html/vendor/laravel/framework/src/Illuminate/Foundation/Http/Middleware/TrimStrings.php(40): Illuminate\\Foundation\\Http\\Middleware\\TransformsRequest->handle()
#46 /home/1216096.cloudwaysapps.com/fcmhbgzmxb/public_html/vendor/laravel/framework/src/Illuminate/Pipeline/Pipeline.php(183): Illuminate\\Foundation\\Http\\Middleware\\TrimStrings->handle()
#47 /home/1216096.cloudwaysapps.com/fcmhbgzmxb/public_html/vendor/laravel/framework/src/Illuminate/Foundation/Http/Middleware/ValidatePostSize.php(27): Illuminate\\Pipeline\\Pipeline->{closure:{closure:Illuminate\\Pipeline\\Pipeline::carry():158}:159}()
#48 /home/1216096.cloudwaysapps.com/fcmhbgzmxb/public_html/vendor/laravel/framework/src/Illuminate/Pipeline/Pipeline.php(183): Illuminate\\Foundation\\Http\\Middleware\\ValidatePostSize->handle()
#49 /home/1216096.cloudwaysapps.com/fcmhbgzmxb/public_html/vendor/laravel/framework/src/Illuminate/Pipeline/Pipeline.php(119): Illuminate\\Pipeline\\Pipeline->{closure:{closure:Illuminate\\Pipeline\\Pipeline::carry():158}:159}()
#50 /home/1216096.cloudwaysapps.com/fcmhbgzmxb/public_html/vendor/laravel/framework/src/Illuminate/Foundation/Http/Kernel.php(175): Illuminate\\Pipeline\\Pipeline->then()
#51 /home/1216096.cloudwaysapps.com/fcmhbgzmxb/public_html/vendor/laravel/framework/src/Illuminate/Foundation/Http/Kernel.php(144): Illuminate\\Foundation\\Http\\Kernel->sendRequestThroughRouter()
#52 /home/1216096.cloudwaysapps.com/fcmhbgzmxb/public_html/index.php(56): Illuminate\\Foundation\\Http\\Kernel->handle()
#53 {main}
"} 
[2026-08-18 18:11:58] production.ERROR: Attempt to read property "meta_title" on null (View: /home/1216096.cloudwaysapps.com/fcmhbgzmxb/public_html/resources/views/frontend/blog/details.blade.php) {"exception":"[object] (Illuminate\\View\\ViewException(code: 0): Attempt to read property \"meta_title\" on null (View: /home/1216096.cloudwaysapps.com/fcmhbgzmxb/public_html/resources/views/frontend/blog/details.blade.php) at /home/1216096.cloudwaysapps.com/fcmhbgzmxb/public_html/storage/framework/views/8cbc4f9eae0878dd9bd3a8fa0f659a04.php:3)
[stacktrace]
#0 /home/1216096.cloudwaysapps.com/fcmhbgzmxb/public_html/vendor/laravel/framework/src/Illuminate/View/Engines/PhpEngine.php(60): Illuminate\\View\\Engines\\CompilerEngine->handleViewException()
#1 /home/1216096.cloudwaysapps.com/fcmhbgzmxb/public_html/vendor/laravel/framework/src/Illuminate/View/Engines/CompilerEngine.php(72): Illuminate\\View\\Engines\\PhpEngine->evaluatePath()
#2 /home/1216096.cloudwaysapps.com/fcmhbgzmxb/public_html/vendor/laravel/framework/src/Illuminate/View/View.php(207): Illuminate\\View\\Engines\\CompilerEngine->get()
#3 /home/1216096.cloudwaysapps.com/fcmhbgzmxb/public_html/vendor/laravel/framework/src/Illuminate/View/View.php(190): Illuminate\\View\\View->getContents()
#4 /home/1216096.cloudwaysapps.com/fcmhbgzmxb/public_html/vendor/laravel/framework/src/Illuminate/View/View.php(159): Illuminate\\View\\View->renderContents()
#5 /home/1216096.cloudwaysapps.com/fcmhbgzmxb/public_html/vendor/laravel/framework/src/Illuminate/Http/Response.php(69): Illuminate\\View\\View->render()
#6 /home/1216096.cloudwaysapps.com/fcmhbgzmxb/public_html/vendor/laravel/framework/src/Illuminate/Http/Response.php(35): Illuminate\\Http\\Response->setContent()
#7 /home/1216096.cloudwaysapps.com/fcmhbgzmxb/public_html/vendor/laravel/framework/src/Illuminate/Routing/Router.php(918): Illuminate\\Http\\Response->__construct()
#8 /home/1216096.cloudwaysapps.com/fcmhbgzmxb/public_html/vendor/laravel/framework/src/Illuminate/Routing/Router.php(885): Illuminate\\Routing\\Router::toResponse()
#9 /home/1216096.cloudwaysapps.com/fcmhbgzmxb/public_html/vendor/laravel/framework/src/Illuminate/Routing/Router.php(805): Illuminate\\Routing\\Router->prepareResponse()
#10 /home/1216096.cloudwaysapps.com/fcmhbgzmxb/public_html/vendor/laravel/framework/src/Illuminate/Pipeline/Pipeline.php(144): Illuminate\\Routing\\Router->{closure:Illuminate\\Routing\\Router::runRouteWithinStack():805}()
#11 /home/1216096.cloudwaysapps.com/fcmhbgzmxb/public_html/app/Http/Middleware/CheckForMaintenanceMode.php(64): Illuminate\\Pipeline\\Pipeline->{closure:Illuminate\\Pipeline\\Pipeline::prepareDestination():142}()
#12 /home/1216096.cloudwaysapps.com/fcmhbgzmxb/public_html/vendor/laravel/framework/src/Illuminate/Pipeline/Pipeline.php(183): App\\Http\\Middleware\\CheckForMaintenanceMode->handle()
#13 /home/1216096.cloudwaysapps.com/fcmhbgzmxb/public_html/app/Http/Middleware/HttpsProtocol.php(20): Illuminate\\Pipeline\\Pipeline->{closure:{closure:Illuminate\\Pipeline\\Pipeline::carry():158}:159}()
#14 /home/1216096.cloudwaysapps.com/fcmhbgzmxb/public_html/vendor/laravel/framework/src/Illuminate/Pipeline/Pipeline.php(183): App\\Http\\Middleware\\HttpsProtocol->handle()
#15 /home/1216096.cloudwaysapps.com/fcmhbgzmxb/public_html/app/Http/Middleware/Language.php(35): Illuminate\\Pipeline\\Pipeline->{closure:{closure:Illuminate\\Pipeline\\Pipeline::carry():158}:159}()
#16 /home/1216096.cloudwaysapps.com/fcmhbgzmxb/public_html/vendor/laravel/framework/src/Illuminate/Pipeline/Pipeline.php(183): App\\Http\\Middleware\\Language->handle()
#17 /home/1216096.cloudwaysapps.com/fcmhbgzmxb/public_html/vendor/laravel/framework/src/Illuminate/Routing/Middleware/SubstituteBindings.php(50): Illuminate\\Pipeline\\Pipeline->{closure:{closure:Illuminate\\Pipeline\\Pipeline::carry():158}:159}()
#18 /home/1216096.cloudwaysapps.com/fcmhbgzmxb/public_html/vendor/laravel/framework/src/Illuminate/Pipeline/Pipeline.php(183): Illuminate\\Routing\\Middleware\\SubstituteBindings->handle()
#19 /home/1216096.cloudwaysapps.com/fcmhbgzmxb/public_html/vendor/laravel/framework/src/Illuminate/Foundation/Http/Middleware/VerifyCsrfToken.php(78): Illuminate\\Pipeline\\Pipeline->{closure:{closure:Illuminate\\Pipeline\\Pipeline::carry():158}:159}()
#20 /home/1216096.cloudwaysapps.com/fcmhbgzmxb/public_html/vendor/laravel/framework/src/Illuminate/Pipeline/Pipeline.php(183): Illuminate\\Foundation\\Http\\Middleware\\VerifyCsrfToken->handle()
#21 /home/1216096.cloudwaysapps.com/fcmhbgzmxb/public_html/vendor/laravel/framework/src/Illuminate/Cookie/Middleware/AddQueuedCookiesToResponse.php(37): Illuminate\\Pipeline\\Pipeline->{closure:{closure:Illuminate\\Pipeline\\Pipeline::carry():158}:159}()
#22 /home/1216096.cloudwaysapps.com/fcmhbgzmxb/public_html/vendor/laravel/framework/src/Illuminate/Pipeline/Pipeline.php(183): Illuminate\\Cookie\\Middleware\\AddQueuedCookiesToResponse->handle()
#23 /home/1216096.cloudwaysapps.com/fcmhbgzmxb/public_html/vendor/laravel/framework/src/Illuminate/Pipeline/Pipeline.php(119): Illuminate\\Pipeline\\Pipeline->{closure:{closure:Illuminate\\Pipeline\\Pipeline::carry():158}:159}()
#24 /home/1216096.cloudwaysapps.com/fcmhbgzmxb/public_html/vendor/laravel/framework/src/Illuminate/Routing/Router.php(805): Illuminate\\Pipeline\\Pipeline->then()
#25 /home/1216096.cloudwaysapps.com/fcmhbgzmxb/public_html/vendor/laravel/framework/src/Illuminate/Routing/Router.php(784): Illuminate\\Routing\\Router->runRouteWithinStack()
#26 /home/1216096.cloudwaysapps.com/fcmhbgzmxb/public_html/vendor/laravel/framework/src/Illuminate/Routing/Router.php(748): Illuminate\\Routing\\Router->runRoute()
#27 /home/1216096.cloudwaysapps.com/fcmhbgzmxb/public_html/vendor/laravel/framework/src/Illuminate/Routing/Router.php(737): Illuminate\\Routing\\Router->dispatchToRoute()
#28 /home/1216096.cloudwaysapps.com/fcmhbgzmxb/public_html/vendor/laravel/framework/src/Illuminate/Foundation/Http/Kernel.php(200): Illuminate\\Routing\\Router->dispatch()
#29 /home/1216096.cloudwaysapps.com/fcmhbgzmxb/public_html/vendor/laravel/framework/src/Illuminate/Pipeline/Pipeline.php(144): Illuminate\\Foundation\\Http\\Kernel->{closure:Illuminate\\Foundation\\Http\\Kernel::dispatchToRouter():197}()
#30 /home/1216096.cloudwaysapps.com/fcmhbgzmxb/public_html/vendor/laravel/framework/src/Illuminate/View/Middleware/ShareErrorsFromSession.php(49): Illuminate\\Pipeline\\Pipeline->{closure:Illuminate\\Pipeline\\Pipeline::prepareDestination():142}()
#31 /home/1216096.cloudwaysapps.com/fcmhbgzmxb/public_html/vendor/laravel/framework/src/Illuminate/Pipeline/Pipeline.php(183): Illuminate\\View\\Middleware\\ShareErrorsFromSession->handle()
#32 /home/1216096.cloudwaysapps.com/fcmhbgzmxb/public_html/vendor/laravel/framework/src/Illuminate/Session/Middleware/StartSession.php(121): Illuminate\\Pipeline\\Pipeline->{closure:{closure:Illuminate\\Pipeline\\Pipeline::carry():158}:159}()
#33 /home/1216096.cloudwaysapps.com/fcmhbgzmxb/public_html/vendor/laravel/framework/src/Illuminate/Session/Middleware/StartSession.php(64): Illuminate\\Session\\Middleware\\StartSession->handleStatefulRequest()
#34 /home/1216096.cloudwaysapps.com/fcmhbgzmxb/public_html/vendor/laravel/framework/src/Illuminate/Pipeline/Pipeline.php(183): Illuminate\\Session\\Middleware\\StartSession->handle()
#35 /home/1216096.cloudwaysapps.com/fcmhbgzmxb/public_html/vendor/laravel/framework/src/Illuminate/Http/Middleware/TrustProxies.php(39): Illuminate\\Pipeline\\Pipeline->{closure:{closure:Illuminate\\Pipeline\\Pipeline::carry():158}:159}()
#36 /home/1216096.cloudwaysapps.com/fcmhbgzmxb/public_html/vendor/laravel/framework/src/Illuminate/Pipeline/Pipeline.php(183): Illuminate\\Http\\Middleware\\TrustProxies->handle()
#37 /home/1216096.cloudwaysapps.com/fcmhbgzmxb/public_html/vendor/laravel/framework/src/Illuminate/Foundation/Http/Middleware/TransformsRequest.php(21): Illuminate\\Pipeline\\Pipeline->{closure:{closure:Illuminate\\Pipeline\\Pipeline::carry():158}:159}()
#38 /home/1216096.cloudwaysapps.com/fcmhbgzmxb/public_html/vendor/laravel/framework/src/Illuminate/Foundation/Http/Middleware/ConvertEmptyStringsToNull.php(31): Illuminate\\Foundation\\Http\\Middleware\\TransformsRequest->handle()
#39 /home/1216096.cloudwaysapps.com/fcmhbgzmxb/public_html/vendor/laravel/framework/src/Illuminate/Pipeline/Pipeline.php(183): Illuminate\\Foundation\\Http\\Middleware\\ConvertEmptyStringsToNull->handle()
#40 /home/1216096.cloudwaysapps.com/fcmhbgzmxb/public_html/vendor/laravel/framework/src/Illuminate/Foundation/Http/Middleware/TransformsRequest.php(21): Illuminate\\Pipeline\\Pipeline->{closure:{closure:Illuminate\\Pipeline\\Pipeline::carry():158}:159}()
#41 /home/1216096.cloudwaysapps.com/fcmhbgzmxb/public_html/vendor/laravel/framework/src/Illuminate/Foundation/Http/Middleware/TrimStrings.php(40): Illuminate\\Foundation\\Http\\Middleware\\TransformsRequest->handle()
#42 /home/1216096.cloudwaysapps.com/fcmhbgzmxb/public_html/vendor/laravel/framework/src/Illuminate/Pipeline/Pipeline.php(183): Illuminate\\Foundation\\Http\\Middleware\\TrimStrings->handle()
#43 /home/1216096.cloudwaysapps.com/fcmhbgzmxb/public_html/vendor/laravel/framework/src/Illuminate/Foundation/Http/Middleware/ValidatePostSize.php(27): Illuminate\\Pipeline\\Pipeline->{closure:{closure:Illuminate\\Pipeline\\Pipeline::carry():158}:159}()
#44 /home/1216096.cloudwaysapps.com/fcmhbgzmxb/public_html/vendor/laravel/framework/src/Illuminate/Pipeline/Pipeline.php(183): Illuminate\\Foundation\\Http\\Middleware\\ValidatePostSize->handle()
#45 /home/1216096.cloudwaysapps.com/fcmhbgzmxb/public_html/vendor/laravel/framework/src/Illuminate/Pipeline/Pipeline.php(119): Illuminate\\Pipeline\\Pipeline->{closure:{closure:Illuminate\\Pipeline\\Pipeline::carry():158}:159}()
#46 /home/1216096.cloudwaysapps.com/fcmhbgzmxb/public_html/vendor/laravel/framework/src/Illuminate/Foundation/Http/Kernel.php(175): Illuminate\\Pipeline\\Pipeline->then()
#47 /home/1216096.cloudwaysapps.com/fcmhbgzmxb/public_html/vendor/laravel/framework/src/Illuminate/Foundation/Http/Kernel.php(144): Illuminate\\Foundation\\Http\\Kernel->sendRequestThroughRouter()
#48 /home/1216096.cloudwaysapps.com/fcmhbgzmxb/public_html/index.php(56): Illuminate\\Foundation\\Http\\Kernel->handle()
#49 {main}

[previous exception] [object] (ErrorException(code: 0): Attempt to read property \"meta_title\" on null at /home/1216096.cloudwaysapps.com/fcmhbgzmxb/public_html/storage/framework/views/8cbc4f9eae0878dd9bd3a8fa0f659a04.php:3)
[stacktrace]
#0 /home/1216096.cloudwaysapps.com/fcmhbgzmxb/public_html/vendor/laravel/framework/src/Illuminate/Foundation/Bootstrap/HandleExceptions.php(255): Illuminate\\Foundation\\Bootstrap\\HandleExceptions->handleError()
#1 /home/1216096.cloudwaysapps.com/fcmhbgzmxb/public_html/storage/framework/views/8cbc4f9eae0878dd9bd3a8fa0f659a04.php(3): Illuminate\\Foundation\\Bootstrap\\HandleExceptions->{closure:Illuminate\\Foundation\\Bootstrap\\HandleExceptions::forwardsTo():254}()
#2 /home/1216096.cloudwaysapps.com/fcmhbgzmxb/public_html/vendor/laravel/framework/src/Illuminate/Filesystem/Filesystem.php(123): require('/home/1216096.c...')
#3 /home/1216096.cloudwaysapps.com/fcmhbgzmxb/public_html/vendor/laravel/framework/src/Illuminate/Filesystem/Filesystem.php(124): Illuminate\\Filesystem\\Filesystem::{closure:Illuminate\\Filesystem\\Filesystem::getRequire():120}()
#4 /home/1216096.cloudwaysapps.com/fcmhbgzmxb/public_html/vendor/laravel/framework/src/Illuminate/View/Engines/PhpEngine.php(58): Illuminate\\Filesystem\\Filesystem->getRequire()
#5 /home/1216096.cloudwaysapps.com/fcmhbgzmxb/public_html/vendor/laravel/framework/src/Illuminate/View/Engines/CompilerEngine.php(72): Illuminate\\View\\Engines\\PhpEngine->evaluatePath()
#6 /home/1216096.cloudwaysapps.com/fcmhbgzmxb/public_html/vendor/laravel/framework/src/Illuminate/View/View.php(207): Illuminate\\View\\Engines\\CompilerEngine->get()
#7 /home/1216096.cloudwaysapps.com/fcmhbgzmxb/public_html/vendor/laravel/framework/src/Illuminate/View/View.php(190): Illuminate\\View\\View->getContents()
#8 /home/1216096.cloudwaysapps.com/fcmhbgzmxb/public_html/vendor/laravel/framework/src/Illuminate/View/View.php(159): Illuminate\\View\\View->renderContents()
#9 /home/1216096.cloudwaysapps.com/fcmhbgzmxb/public_html/vendor/laravel/framework/src/Illuminate/Http/Response.php(69): Illuminate\\View\\View->render()
#10 /home/1216096.cloudwaysapps.com/fcmhbgzmxb/public_html/vendor/laravel/framework/src/Illuminate/Http/Response.php(35): Illuminate\\Http\\Response->setContent()
#11 /home/1216096.cloudwaysapps.com/fcmhbgzmxb/public_html/vendor/laravel/framework/src/Illuminate/Routing/Router.php(918): Illuminate\\Http\\Response->__construct()
#12 /home/1216096.cloudwaysapps.com/fcmhbgzmxb/public_html/vendor/laravel/framework/src/Illuminate/Routing/Router.php(885): Illuminate\\Routing\\Router::toResponse()
#13 /home/1216096.cloudwaysapps.com/fcmhbgzmxb/public_html/vendor/laravel/framework/src/Illuminate/Routing/Router.php(805): Illuminate\\Routing\\Router->prepareResponse()
#14 /home/1216096.cloudwaysapps.com/fcmhbgzmxb/public_html/vendor/laravel/framework/src/Illuminate/Pipeline/Pipeline.php(144): Illuminate\\Routing\\Router->{closure:Illuminate\\Routing\\Router::runRouteWithinStack():805}()
#15 /home/1216096.cloudwaysapps.com/fcmhbgzmxb/public_html/app/Http/Middleware/CheckForMaintenanceMode.php(64): Illuminate\\Pipeline\\Pipeline->{closure:Illuminate\\Pipeline\\Pipeline::prepareDestination():142}()
#16 /home/1216096.cloudwaysapps.com/fcmhbgzmxb/public_html/vendor/laravel/framework/src/Illuminate/Pipeline/Pipeline.php(183): App\\Http\\Middleware\\CheckForMaintenanceMode->handle()
#17 /home/1216096.cloudwaysapps.com/fcmhbgzmxb/public_html/app/Http/Middleware/HttpsProtocol.php(20): Illuminate\\Pipeline\\Pipeline->{closure:{closure:Illuminate\\Pipeline\\Pipeline::carry():158}:159}()
#18 /home/1216096.cloudwaysapps.com/fcmhbgzmxb/public_html/vendor/laravel/framework/src/Illuminate/Pipeline/Pipeline.php(183): App\\Http\\Middleware\\HttpsProtocol->handle()
#19 /home/1216096.cloudwaysapps.com/fcmhbgzmxb/public_html/app/Http/Middleware/Language.php(35): Illuminate\\Pipeline\\Pipeline->{closure:{closure:Illuminate\\Pipeline\\Pipeline::carry():158}:159}()
#20 /home/1216096.cloudwaysapps.com/fcmhbgzmxb/public_html/vendor/laravel/framework/src/Illuminate/Pipeline/Pipeline.php(183): App\\Http\\Middleware\\Language->handle()
#21 /home/1216096.cloudwaysapps.com/fcmhbgzmxb/public_html/vendor/laravel/framework/src/Illuminate/Routing/Middleware/SubstituteBindings.php(50): Illuminate\\Pipeline\\Pipeline->{closure:{closure:Illuminate\\Pipeline\\Pipeline::carry():158}:159}()
#22 /home/1216096.cloudwaysapps.com/fcmhbgzmxb/public_html/vendor/laravel/framework/src/Illuminate/Pipeline/Pipeline.php(183): Illuminate\\Routing\\Middleware\\SubstituteBindings->handle()
#23 /home/1216096.cloudwaysapps.com/fcmhbgzmxb/public_html/vendor/laravel/framework/src/Illuminate/Foundation/Http/Middleware/VerifyCsrfToken.php(78): Illuminate\\Pipeline\\Pipeline->{closure:{closure:Illuminate\\Pipeline\\Pipeline::carry():158}:159}()
#24 /home/1216096.cloudwaysapps.com/fcmhbgzmxb/public_html/vendor/laravel/framework/src/Illuminate/Pipeline/Pipeline.php(183): Illuminate\\Foundation\\Http\\Middleware\\VerifyCsrfToken->handle()
#25 /home/1216096.cloudwaysapps.com/fcmhbgzmxb/public_html/vendor/laravel/framework/src/Illuminate/Cookie/Middleware/AddQueuedCookiesToResponse.php(37): Illuminate\\Pipeline\\Pipeline->{closure:{closure:Illuminate\\Pipeline\\Pipeline::carry():158}:159}()
#26 /home/1216096.cloudwaysapps.com/fcmhbgzmxb/public_html/vendor/laravel/framework/src/Illuminate/Pipeline/Pipeline.php(183): Illuminate\\Cookie\\Middleware\\AddQueuedCookiesToResponse->handle()
#27 /home/1216096.cloudwaysapps.com/fcmhbgzmxb/public_html/vendor/laravel/framework/src/Illuminate/Pipeline/Pipeline.php(119): Illuminate\\Pipeline\\Pipeline->{closure:{closure:Illuminate\\Pipeline\\Pipeline::carry():158}:159}()
#28 /home/1216096.cloudwaysapps.com/fcmhbgzmxb/public_html/vendor/laravel/framework/src/Illuminate/Routing/Router.php(805): Illuminate\\Pipeline\\Pipeline->then()
#29 /home/1216096.cloudwaysapps.com/fcmhbgzmxb/public_html/vendor/laravel/framework/src/Illuminate/Routing/Router.php(784): Illuminate\\Routing\\Router->runRouteWithinStack()
#30 /home/1216096.cloudwaysapps.com/fcmhbgzmxb/public_html/vendor/laravel/framework/src/Illuminate/Routing/Router.php(748): Illuminate\\Routing\\Router->runRoute()
#31 /home/1216096.cloudwaysapps.com/fcmhbgzmxb/public_html/vendor/laravel/framework/src/Illuminate/Routing/Router.php(737): Illuminate\\Routing\\Router->dispatchToRoute()
#32 /home/1216096.cloudwaysapps.com/fcmhbgzmxb/public_html/vendor/laravel/framework/src/Illuminate/Foundation/Http/Kernel.php(200): Illuminate\\Routing\\Router->dispatch()
#33 /home/1216096.cloudwaysapps.com/fcmhbgzmxb/public_html/vendor/laravel/framework/src/Illuminate/Pipeline/Pipeline.php(144): Illuminate\\Foundation\\Http\\Kernel->{closure:Illuminate\\Foundation\\Http\\Kernel::dispatchToRouter():197}()
#34 /home/1216096.cloudwaysapps.com/fcmhbgzmxb/public_html/vendor/laravel/framework/src/Illuminate/View/Middleware/ShareErrorsFromSession.php(49): Illuminate\\Pipeline\\Pipeline->{closure:Illuminate\\Pipeline\\Pipeline::prepareDestination():142}()
#35 /home/1216096.cloudwaysapps.com/fcmhbgzmxb/public_html/vendor/laravel/framework/src/Illuminate/Pipeline/Pipeline.php(183): Illuminate\\View\\Middleware\\ShareErrorsFromSession->handle()
#36 /home/1216096.cloudwaysapps.com/fcmhbgzmxb/public_html/vendor/laravel/framework/src/Illuminate/Session/Middleware/StartSession.php(121): Illuminate\\Pipeline\\Pipeline->{closure:{closure:Illuminate\\Pipeline\\Pipeline::carry():158}:159}()
#37 /home/1216096.cloudwaysapps.com/fcmhbgzmxb/public_html/vendor/laravel/framework/src/Illuminate/Session/Middleware/StartSession.php(64): Illuminate\\Session\\Middleware\\StartSession->handleStatefulRequest()
#38 /home/1216096.cloudwaysapps.com/fcmhbgzmxb/public_html/vendor/laravel/framework/src/Illuminate/Pipeline/Pipeline.php(183): Illuminate\\Session\\Middleware\\StartSession->handle()
#39 /home/1216096.cloudwaysapps.com/fcmhbgzmxb/public_html/vendor/laravel/framework/src/Illuminate/Http/Middleware/TrustProxies.php(39): Illuminate\\Pipeline\\Pipeline->{closure:{closure:Illuminate\\Pipeline\\Pipeline::carry():158}:159}()
#40 /home/1216096.cloudwaysapps.com/fcmhbgzmxb/public_html/vendor/laravel/framework/src/Illuminate/Pipeline/Pipeline.php(183): Illuminate\\Http\\Middleware\\TrustProxies->handle()
#41 /home/1216096.cloudwaysapps.com/fcmhbgzmxb/public_html/vendor/laravel/framework/src/Illuminate/Foundation/Http/Middleware/TransformsRequest.php(21): Illuminate\\Pipeline\\Pipeline->{closure:{closure:Illuminate\\Pipeline\\Pipeline::carry():158}:159}()
#42 /home/1216096.cloudwaysapps.com/fcmhbgzmxb/public_html/vendor/laravel/framework/src/Illuminate/Foundation/Http/Middleware/ConvertEmptyStringsToNull.php(31): Illuminate\\Foundation\\Http\\Middleware\\TransformsRequest->handle()
#43 /home/1216096.cloudwaysapps.com/fcmhbgzmxb/public_html/vendor/laravel/framework/src/Illuminate/Pipeline/Pipeline.php(183): Illuminate\\Foundation\\Http\\Middleware\\ConvertEmptyStringsToNull->handle()
#44 /home/1216096.cloudwaysapps.com/fcmhbgzmxb/public_html/vendor/laravel/framework/src/Illuminate/Foundation/Http/Middleware/TransformsRequest.php(21): Illuminate\\Pipeline\\Pipeline->{closure:{closure:Illuminate\\Pipeline\\Pipeline::carry():158}:159}()
#45 /home/1216096.cloudwaysapps.com/fcmhbgzmxb/public_html/vendor/laravel/framework/src/Illuminate/Foundation/Http/Middleware/TrimStrings.php(40): Illuminate\\Foundation\\Http\\Middleware\\TransformsRequest->handle()
#46 /home/1216096.cloudwaysapps.com/fcmhbgzmxb/public_html/vendor/laravel/framework/src/Illuminate/Pipeline/Pipeline.php(183): Illuminate\\Foundation\\Http\\Middleware\\TrimStrings->handle()
#47 /home/1216096.cloudwaysapps.com/fcmhbgzmxb/public_html/vendor/laravel/framework/src/Illuminate/Foundation/Http/Middleware/ValidatePostSize.php(27): Illuminate\\Pipeline\\Pipeline->{closure:{closure:Illuminate\\Pipeline\\Pipeline::carry():158}:159}()
#48 /home/1216096.cloudwaysapps.com/fcmhbgzmxb/public_html/vendor/laravel/framework/src/Illuminate/Pipeline/Pipeline.php(183): Illuminate\\Foundation\\Http\\Middleware\\ValidatePostSize->handle()
#49 /home/1216096.cloudwaysapps.com/fcmhbgzmxb/public_html/vendor/laravel/framework/src/Illuminate/Pipeline/Pipeline.php(119): Illuminate\\Pipeline\\Pipeline->{closure:{closure:Illuminate\\Pipeline\\Pipeline::carry():158}:159}()
#50 /home/1216096.cloudwaysapps.com/fcmhbgzmxb/public_html/vendor/laravel/framework/src/Illuminate/Foundation/Http/Kernel.php(175): Illuminate\\Pipeline\\Pipeline->then()
#51 /home/1216096.cloudwaysapps.com/fcmhbgzmxb/public_html/vendor/laravel/framework/src/Illuminate/Foundation/Http/Kernel.php(144): Illuminate\\Foundation\\Http\\Kernel->sendRequestThroughRouter()
#52 /home/1216096.cloudwaysapps.com/fcmhbgzmxb/public_html/index.php(56): Illuminate\\Foundation\\Http\\Kernel->handle()
#53 {main}
"} 
[2026-08-18 18:13:22] production.ERROR: Attempt to read property "meta_title" on null (View: /home/1216096.cloudwaysapps.com/fcmhbgzmxb/public_html/resources/views/frontend/blog/details.blade.php) {"exception":"[object] (Illuminate\\View\\ViewException(code: 0): Attempt to read property \"meta_title\" on null (View: /home/1216096.cloudwaysapps.com/fcmhbgzmxb/public_html/resources/views/frontend/blog/details.blade.php) at /home/1216096.cloudwaysapps.com/fcmhbgzmxb/public_html/storage/framework/views/8cbc4f9eae0878dd9bd3a8fa0f659a04.php:3)
[stacktrace]
#0 /home/1216096.cloudwaysapps.com/fcmhbgzmxb/public_html/vendor/laravel/framework/src/Illuminate/View/Engines/PhpEngine.php(60): Illuminate\\View\\Engines\\CompilerEngine->handleViewException()
#1 /home/1216096.cloudwaysapps.com/fcmhbgzmxb/public_html/vendor/laravel/framework/src/Illuminate/View/Engines/CompilerEngine.php(72): Illuminate\\View\\Engines\\PhpEngine->evaluatePath()
#2 /home/1216096.cloudwaysapps.com/fcmhbgzmxb/public_html/vendor/laravel/framework/src/Illuminate/View/View.php(207): Illuminate\\View\\Engines\\CompilerEngine->get()
#3 /home/1216096.cloudwaysapps.com/fcmhbgzmxb/public_html/vendor/laravel/framework/src/Illuminate/View/View.php(190): Illuminate\\View\\View->getContents()
#4 /home/1216096.cloudwaysapps.com/fcmhbgzmxb/public_html/vendor/laravel/framework/src/Illuminate/View/View.php(159): Illuminate\\View\\View->renderContents()
#5 /home/1216096.cloudwaysapps.com/fcmhbgzmxb/public_html/vendor/laravel/framework/src/Illuminate/Http/Response.php(69): Illuminate\\View\\View->render()
#6 /home/1216096.cloudwaysapps.com/fcmhbgzmxb/public_html/vendor/laravel/framework/src/Illuminate/Http/Response.php(35): Illuminate\\Http\\Response->setContent()
#7 /home/1216096.cloudwaysapps.com/fcmhbgzmxb/public_html/vendor/laravel/framework/src/Illuminate/Routing/Router.php(918): Illuminate\\Http\\Response->__construct()
#8 /home/1216096.cloudwaysapps.com/fcmhbgzmxb/public_html/vendor/laravel/framework/src/Illuminate/Routing/Router.php(885): Illuminate\\Routing\\Router::toResponse()
#9 /home/1216096.cloudwaysapps.com/fcmhbgzmxb/public_html/vendor/laravel/framework/src/Illuminate/Routing/Router.php(805): Illuminate\\Routing\\Router->prepareResponse()
#10 /home/1216096.cloudwaysapps.com/fcmhbgzmxb/public_html/vendor/laravel/framework/src/Illuminate/Pipeline/Pipeline.php(144): Illuminate\\Routing\\Router->{closure:Illuminate\\Routing\\Router::runRouteWithinStack():805}()
#11 /home/1216096.cloudwaysapps.com/fcmhbgzmxb/public_html/app/Http/Middleware/CheckForMaintenanceMode.php(64): Illuminate\\Pipeline\\Pipeline->{closure:Illuminate\\Pipeline\\Pipeline::prepareDestination():142}()
#12 /home/1216096.cloudwaysapps.com/fcmhbgzmxb/public_html/vendor/laravel/framework/src/Illuminate/Pipeline/Pipeline.php(183): App\\Http\\Middleware\\CheckForMaintenanceMode->handle()
#13 /home/1216096.cloudwaysapps.com/fcmhbgzmxb/public_html/app/Http/Middleware/HttpsProtocol.php(20): Illuminate\\Pipeline\\Pipeline->{closure:{closure:Illuminate\\Pipeline\\Pipeline::carry():158}:159}()
#14 /home/1216096.cloudwaysapps.com/fcmhbgzmxb/public_html/vendor/laravel/framework/src/Illuminate/Pipeline/Pipeline.php(183): App\\Http\\Middleware\\HttpsProtocol->handle()
#15 /home/1216096.cloudwaysapps.com/fcmhbgzmxb/public_html/app/Http/Middleware/Language.php(35): Illuminate\\Pipeline\\Pipeline->{closure:{closure:Illuminate\\Pipeline\\Pipeline::carry():158}:159}()
#16 /home/1216096.cloudwaysapps.com/fcmhbgzmxb/public_html/vendor/laravel/framework/src/Illuminate/Pipeline/Pipeline.php(183): App\\Http\\Middleware\\Language->handle()
#17 /home/1216096.cloudwaysapps.com/fcmhbgzmxb/public_html/vendor/laravel/framework/src/Illuminate/Routing/Middleware/SubstituteBindings.php(50): Illuminate\\Pipeline\\Pipeline->{closure:{closure:Illuminate\\Pipeline\\Pipeline::carry():158}:159}()
#18 /home/1216096.cloudwaysapps.com/fcmhbgzmxb/public_html/vendor/laravel/framework/src/Illuminate/Pipeline/Pipeline.php(183): Illuminate\\Routing\\Middleware\\SubstituteBindings->handle()
#19 /home/1216096.cloudwaysapps.com/fcmhbgzmxb/public_html/vendor/laravel/framework/src/Illuminate/Foundation/Http/Middleware/VerifyCsrfToken.php(78): Illuminate\\Pipeline\\Pipeline->{closure:{closure:Illuminate\\Pipeline\\Pipeline::carry():158}:159}()
#20 /home/1216096.cloudwaysapps.com/fcmhbgzmxb/public_html/vendor/laravel/framework/src/Illuminate/Pipeline/Pipeline.php(183): Illuminate\\Foundation\\Http\\Middleware\\VerifyCsrfToken->handle()
#21 /home/1216096.cloudwaysapps.com/fcmhbgzmxb/public_html/vendor/laravel/framework/src/Illuminate/Cookie/Middleware/AddQueuedCookiesToResponse.php(37): Illuminate\\Pipeline\\Pipeline->{closure:{closure:Illuminate\\Pipeline\\Pipeline::carry():158}:159}()
#22 /home/1216096.cloudwaysapps.com/fcmhbgzmxb/public_html/vendor/laravel/framework/src/Illuminate/Pipeline/Pipeline.php(183): Illuminate\\Cookie\\Middleware\\AddQueuedCookiesToResponse->handle()
#23 /home/1216096.cloudwaysapps.com/fcmhbgzmxb/public_html/vendor/laravel/framework/src/Illuminate/Pipeline/Pipeline.php(119): Illuminate\\Pipeline\\Pipeline->{closure:{closure:Illuminate\\Pipeline\\Pipeline::carry():158}:159}()
#24 /home/1216096.cloudwaysapps.com/fcmhbgzmxb/public_html/vendor/laravel/framework/src/Illuminate/Routing/Router.php(805): Illuminate\\Pipeline\\Pipeline->then()
#25 /home/1216096.cloudwaysapps.com/fcmhbgzmxb/public_html/vendor/laravel/framework/src/Illuminate/Routing/Router.php(784): Illuminate\\Routing\\Router->runRouteWithinStack()
#26 /home/1216096.cloudwaysapps.com/fcmhbgzmxb/public_html/vendor/laravel/framework/src/Illuminate/Routing/Router.php(748): Illuminate\\Routing\\Router->runRoute()
#27 /home/1216096.cloudwaysapps.com/fcmhbgzmxb/public_html/vendor/laravel/framework/src/Illuminate/Routing/Router.php(737): Illuminate\\Routing\\Router->dispatchToRoute()
#28 /home/1216096.cloudwaysapps.com/fcmhbgzmxb/public_html/vendor/laravel/framework/src/Illuminate/Foundation/Http/Kernel.php(200): Illuminate\\Routing\\Router->dispatch()
#29 /home/1216096.cloudwaysapps.com/fcmhbgzmxb/public_html/vendor/laravel/framework/src/Illuminate/Pipeline/Pipeline.php(144): Illuminate\\Foundation\\Http\\Kernel->{closure:Illuminate\\Foundation\\Http\\Kernel::dispatchToRouter():197}()
#30 /home/1216096.cloudwaysapps.com/fcmhbgzmxb/public_html/vendor/laravel/framework/src/Illuminate/View/Middleware/ShareErrorsFromSession.php(49): Illuminate\\Pipeline\\Pipeline->{closure:Illuminate\\Pipeline\\Pipeline::prepareDestination():142}()
#31 /home/1216096.cloudwaysapps.com/fcmhbgzmxb/public_html/vendor/laravel/framework/src/Illuminate/Pipeline/Pipeline.php(183): Illuminate\\View\\Middleware\\ShareErrorsFromSession->handle()
#32 /home/1216096.cloudwaysapps.com/fcmhbgzmxb/public_html/vendor/laravel/framework/src/Illuminate/Session/Middleware/StartSession.php(121): Illuminate\\Pipeline\\Pipeline->{closure:{closure:Illuminate\\Pipeline\\Pipeline::carry():158}:159}()
#33 /home/1216096.cloudwaysapps.com/fcmhbgzmxb/public_html/vendor/laravel/framework/src/Illuminate/Session/Middleware/StartSession.php(64): Illuminate\\Session\\Middleware\\StartSession->handleStatefulRequest()
#34 /home/1216096.cloudwaysapps.com/fcmhbgzmxb/public_html/vendor/laravel/framework/src/Illuminate/Pipeline/Pipeline.php(183): Illuminate\\Session\\Middleware\\StartSession->handle()
#35 /home/1216096.cloudwaysapps.com/fcmhbgzmxb/public_html/vendor/laravel/framework/src/Illuminate/Http/Middleware/TrustProxies.php(39): Illuminate\\Pipeline\\Pipeline->{closure:{closure:Illuminate\\Pipeline\\Pipeline::carry():158}:159}()
#36 /home/1216096.cloudwaysapps.com/fcmhbgzmxb/public_html/vendor/laravel/framework/src/Illuminate/Pipeline/Pipeline.php(183): Illuminate\\Http\\Middleware\\TrustProxies->handle()
#37 /home/1216096.cloudwaysapps.com/fcmhbgzmxb/public_html/vendor/laravel/framework/src/Illuminate/Foundation/Http/Middleware/TransformsRequest.php(21): Illuminate\\Pipeline\\Pipeline->{closure:{closure:Illuminate\\Pipeline\\Pipeline::carry():158}:159}()
#38 /home/1216096.cloudwaysapps.com/fcmhbgzmxb/public_html/vendor/laravel/framework/src/Illuminate/Foundation/Http/Middleware/ConvertEmptyStringsToNull.php(31): Illuminate\\Foundation\\Http\\Middleware\\TransformsRequest->handle()
#39 /home/1216096.cloudwaysapps.com/fcmhbgzmxb/public_html/vendor/laravel/framework/src/Illuminate/Pipeline/Pipeline.php(183): Illuminate\\Foundation\\Http\\Middleware\\ConvertEmptyStringsToNull->handle()
#40 /home/1216096.cloudwaysapps.com/fcmhbgzmxb/public_html/vendor/laravel/framework/src/Illuminate/Foundation/Http/Middleware/TransformsRequest.php(21): Illuminate\\Pipeline\\Pipeline->{closure:{closure:Illuminate\\Pipeline\\Pipeline::carry():158}:159}()
#41 /home/1216096.cloudwaysapps.com/fcmhbgzmxb/public_html/vendor/laravel/framework/src/Illuminate/Foundation/Http/Middleware/TrimStrings.php(40): Illuminate\\Foundation\\Http\\Middleware\\TransformsRequest->handle()
#42 /home/1216096.cloudwaysapps.com/fcmhbgzmxb/public_html/vendor/laravel/framework/src/Illuminate/Pipeline/Pipeline.php(183): Illuminate\\Foundation\\Http\\Middleware\\TrimStrings->handle()
#43 /home/1216096.cloudwaysapps.com/fcmhbgzmxb/public_html/vendor/laravel/framework/src/Illuminate/Foundation/Http/Middleware/ValidatePostSize.php(27): Illuminate\\Pipeline\\Pipeline->{closure:{closure:Illuminate\\Pipeline\\Pipeline::carry():158}:159}()
#44 /home/1216096.cloudwaysapps.com/fcmhbgzmxb/public_html/vendor/laravel/framework/src/Illuminate/Pipeline/Pipeline.php(183): Illuminate\\Foundation\\Http\\Middleware\\ValidatePostSize->handle()
#45 /home/1216096.cloudwaysapps.com/fcmhbgzmxb/public_html/vendor/laravel/framework/src/Illuminate/Pipeline/Pipeline.php(119): Illuminate\\Pipeline\\Pipeline->{closure:{closure:Illuminate\\Pipeline\\Pipeline::carry():158}:159}()
#46 /home/1216096.cloudwaysapps.com/fcmhbgzmxb/public_html/vendor/laravel/framework/src/Illuminate/Foundation/Http/Kernel.php(175): Illuminate\\Pipeline\\Pipeline->then()
#47 /home/1216096.cloudwaysapps.com/fcmhbgzmxb/public_html/vendor/laravel/framework/src/Illuminate/Foundation/Http/Kernel.php(144): Illuminate\\Foundation\\Http\\Kernel->sendRequestThroughRouter()
#48 /home/1216096.cloudwaysapps.com/fcmhbgzmxb/public_html/index.php(56): Illuminate\\Foundation\\Http\\Kernel->handle()
#49 {main}

[previous exception] [object] (ErrorException(code: 0): Attempt to read property \"meta_title\" on null at /home/1216096.cloudwaysapps.com/fcmhbgzmxb/public_html/storage/framework/views/8cbc4f9eae0878dd9bd3a8fa0f659a04.php:3)
[stacktrace]
#0 /home/1216096.cloudwaysapps.com/fcmhbgzmxb/public_html/vendor/laravel/framework/src/Illuminate/Foundation/Bootstrap/HandleExceptions.php(255): Illuminate\\Foundation\\Bootstrap\\HandleExceptions->handleError()
#1 /home/1216096.cloudwaysapps.com/fcmhbgzmxb/public_html/storage/framework/views/8cbc4f9eae0878dd9bd3a8fa0f659a04.php(3): Illuminate\\Foundation\\Bootstrap\\HandleExceptions->{closure:Illuminate\\Foundation\\Bootstrap\\HandleExceptions::forwardsTo():254}()
#2 /home/1216096.cloudwaysapps.com/fcmhbgzmxb/public_html/vendor/laravel/framework/src/Illuminate/Filesystem/Filesystem.php(123): require('/home/1216096.c...')
#3 /home/1216096.cloudwaysapps.com/fcmhbgzmxb/public_html/vendor/laravel/framework/src/Illuminate/Filesystem/Filesystem.php(124): Illuminate\\Filesystem\\Filesystem::{closure:Illuminate\\Filesystem\\Filesystem::getRequire():120}()
#4 /home/1216096.cloudwaysapps.com/fcmhbgzmxb/public_html/vendor/laravel/framework/src/Illuminate/View/Engines/PhpEngine.php(58): Illuminate\\Filesystem\\Filesystem->getRequire()
#5 /home/1216096.cloudwaysapps.com/fcmhbgzmxb/public_html/vendor/laravel/framework/src/Illuminate/View/Engines/CompilerEngine.php(72): Illuminate\\View\\Engines\\PhpEngine->evaluatePath()
#6 /home/1216096.cloudwaysapps.com/fcmhbgzmxb/public_html/vendor/laravel/framework/src/Illuminate/View/View.php(207): Illuminate\\View\\Engines\\CompilerEngine->get()
#7 /home/1216096.cloudwaysapps.com/fcmhbgzmxb/public_html/vendor/laravel/framework/src/Illuminate/View/View.php(190): Illuminate\\View\\View->getContents()
#8 /home/1216096.cloudwaysapps.com/fcmhbgzmxb/public_html/vendor/laravel/framework/src/Illuminate/View/View.php(159): Illuminate\\View\\View->renderContents()
#9 /home/1216096.cloudwaysapps.com/fcmhbgzmxb/public_html/vendor/laravel/framework/src/Illuminate/Http/Response.php(69): Illuminate\\View\\View->render()
#10 /home/1216096.cloudwaysapps.com/fcmhbgzmxb/public_html/vendor/laravel/framework/src/Illuminate/Http/Response.php(35): Illuminate\\Http\\Response->setContent()
#11 /home/1216096.cloudwaysapps.com/fcmhbgzmxb/public_html/vendor/laravel/framework/src/Illuminate/Routing/Router.php(918): Illuminate\\Http\\Response->__construct()
#12 /home/1216096.cloudwaysapps.com/fcmhbgzmxb/public_html/vendor/laravel/framework/src/Illuminate/Routing/Router.php(885): Illuminate\\Routing\\Router::toResponse()
#13 /home/1216096.cloudwaysapps.com/fcmhbgzmxb/public_html/vendor/laravel/framework/src/Illuminate/Routing/Router.php(805): Illuminate\\Routing\\Router->prepareResponse()
#14 /home/1216096.cloudwaysapps.com/fcmhbgzmxb/public_html/vendor/laravel/framework/src/Illuminate/Pipeline/Pipeline.php(144): Illuminate\\Routing\\Router->{closure:Illuminate\\Routing\\Router::runRouteWithinStack():805}()
#15 /home/1216096.cloudwaysapps.com/fcmhbgzmxb/public_html/app/Http/Middleware/CheckForMaintenanceMode.php(64): Illuminate\\Pipeline\\Pipeline->{closure:Illuminate\\Pipeline\\Pipeline::prepareDestination():142}()
#16 /home/1216096.cloudwaysapps.com/fcmhbgzmxb/public_html/vendor/laravel/framework/src/Illuminate/Pipeline/Pipeline.php(183): App\\Http\\Middleware\\CheckForMaintenanceMode->handle()
#17 /home/1216096.cloudwaysapps.com/fcmhbgzmxb/public_html/app/Http/Middleware/HttpsProtocol.php(20): Illuminate\\Pipeline\\Pipeline->{closure:{closure:Illuminate\\Pipeline\\Pipeline::carry():158}:159}()
#18 /home/1216096.cloudwaysapps.com/fcmhbgzmxb/public_html/vendor/laravel/framework/src/Illuminate/Pipeline/Pipeline.php(183): App\\Http\\Middleware\\HttpsProtocol->handle()
#19 /home/1216096.cloudwaysapps.com/fcmhbgzmxb/public_html/app/Http/Middleware/Language.php(35): Illuminate\\Pipeline\\Pipeline->{closure:{closure:Illuminate\\Pipeline\\Pipeline::carry():158}:159}()
#20 /home/1216096.cloudwaysapps.com/fcmhbgzmxb/public_html/vendor/laravel/framework/src/Illuminate/Pipeline/Pipeline.php(183): App\\Http\\Middleware\\Language->handle()
#21 /home/1216096.cloudwaysapps.com/fcmhbgzmxb/public_html/vendor/laravel/framework/src/Illuminate/Routing/Middleware/SubstituteBindings.php(50): Illuminate\\Pipeline\\Pipeline->{closure:{closure:Illuminate\\Pipeline\\Pipeline::carry():158}:159}()
#22 /home/1216096.cloudwaysapps.com/fcmhbgzmxb/public_html/vendor/laravel/framework/src/Illuminate/Pipeline/Pipeline.php(183): Illuminate\\Routing\\Middleware\\SubstituteBindings->handle()
#23 /home/1216096.cloudwaysapps.com/fcmhbgzmxb/public_html/vendor/laravel/framework/src/Illuminate/Foundation/Http/Middleware/VerifyCsrfToken.php(78): Illuminate\\Pipeline\\Pipeline->{closure:{closure:Illuminate\\Pipeline\\Pipeline::carry():158}:159}()
#24 /home/1216096.cloudwaysapps.com/fcmhbgzmxb/public_html/vendor/laravel/framework/src/Illuminate/Pipeline/Pipeline.php(183): Illuminate\\Foundation\\Http\\Middleware\\VerifyCsrfToken->handle()
#25 /home/1216096.cloudwaysapps.com/fcmhbgzmxb/public_html/vendor/laravel/framework/src/Illuminate/Cookie/Middleware/AddQueuedCookiesToResponse.php(37): Illuminate\\Pipeline\\Pipeline->{closure:{closure:Illuminate\\Pipeline\\Pipeline::carry():158}:159}()
#26 /home/1216096.cloudwaysapps.com/fcmhbgzmxb/public_html/vendor/laravel/framework/src/Illuminate/Pipeline/Pipeline.php(183): Illuminate\\Cookie\\Middleware\\AddQueuedCookiesToResponse->handle()
#27 /home/1216096.cloudwaysapps.com/fcmhbgzmxb/public_html/vendor/laravel/framework/src/Illuminate/Pipeline/Pipeline.php(119): Illuminate\\Pipeline\\Pipeline->{closure:{closure:Illuminate\\Pipeline\\Pipeline::carry():158}:159}()
#28 /home/1216096.cloudwaysapps.com/fcmhbgzmxb/public_html/vendor/laravel/framework/src/Illuminate/Routing/Router.php(805): Illuminate\\Pipeline\\Pipeline->then()
#29 /home/1216096.cloudwaysapps.com/fcmhbgzmxb/public_html/vendor/laravel/framework/src/Illuminate/Routing/Router.php(784): Illuminate\\Routing\\Router->runRouteWithinStack()
#30 /home/1216096.cloudwaysapps.com/fcmhbgzmxb/public_html/vendor/laravel/framework/src/Illuminate/Routing/Router.php(748): Illuminate\\Routing\\Router->runRoute()
#31 /home/1216096.cloudwaysapps.com/fcmhbgzmxb/public_html/vendor/laravel/framework/src/Illuminate/Routing/Router.php(737): Illuminate\\Routing\\Router->dispatchToRoute()
#32 /home/1216096.cloudwaysapps.com/fcmhbgzmxb/public_html/vendor/laravel/framework/src/Illuminate/Foundation/Http/Kernel.php(200): Illuminate\\Routing\\Router->dispatch()
#33 /home/1216096.cloudwaysapps.com/fcmhbgzmxb/public_html/vendor/laravel/framework/src/Illuminate/Pipeline/Pipeline.php(144): Illuminate\\Foundation\\Http\\Kernel->{closure:Illuminate\\Foundation\\Http\\Kernel::dispatchToRouter():197}()
#34 /home/1216096.cloudwaysapps.com/fcmhbgzmxb/public_html/vendor/laravel/framework/src/Illuminate/View/Middleware/ShareErrorsFromSession.php(49): Illuminate\\Pipeline\\Pipeline->{closure:Illuminate\\Pipeline\\Pipeline::prepareDestination():142}()
#35 /home/1216096.cloudwaysapps.com/fcmhbgzmxb/public_html/vendor/laravel/framework/src/Illuminate/Pipeline/Pipeline.php(183): Illuminate\\View\\Middleware\\ShareErrorsFromSession->handle()
#36 /home/1216096.cloudwaysapps.com/fcmhbgzmxb/public_html/vendor/laravel/framework/src/Illuminate/Session/Middleware/StartSession.php(121): Illuminate\\Pipeline\\Pipeline->{closure:{closure:Illuminate\\Pipeline\\Pipeline::carry():158}:159}()
#37 /home/1216096.cloudwaysapps.com/fcmhbgzmxb/public_html/vendor/laravel/framework/src/Illuminate/Session/Middleware/StartSession.php(64): Illuminate\\Session\\Middleware\\StartSession->handleStatefulRequest()
#38 /home/1216096.cloudwaysapps.com/fcmhbgzmxb/public_html/vendor/laravel/framework/src/Illuminate/Pipeline/Pipeline.php(183): Illuminate\\Session\\Middleware\\StartSession->handle()
#39 /home/1216096.cloudwaysapps.com/fcmhbgzmxb/public_html/vendor/laravel/framework/src/Illuminate/Http/Middleware/TrustProxies.php(39): Illuminate\\Pipeline\\Pipeline->{closure:{closure:Illuminate\\Pipeline\\Pipeline::carry():158}:159}()
#40 /home/1216096.cloudwaysapps.com/fcmhbgzmxb/public_html/vendor/laravel/framework/src/Illuminate/Pipeline/Pipeline.php(183): Illuminate\\Http\\Middleware\\TrustProxies->handle()
#41 /home/1216096.cloudwaysapps.com/fcmhbgzmxb/public_html/vendor/laravel/framework/src/Illuminate/Foundation/Http/Middleware/TransformsRequest.php(21): Illuminate\\Pipeline\\Pipeline->{closure:{closure:Illuminate\\Pipeline\\Pipeline::carry():158}:159}()
#42 /home/1216096.cloudwaysapps.com/fcmhbgzmxb/public_html/vendor/laravel/framework/src/Illuminate/Foundation/Http/Middleware/ConvertEmptyStringsToNull.php(31): Illuminate\\Foundation\\Http\\Middleware\\TransformsRequest->handle()
#43 /home/1216096.cloudwaysapps.com/fcmhbgzmxb/public_html/vendor/laravel/framework/src/Illuminate/Pipeline/Pipeline.php(183): Illuminate\\Foundation\\Http\\Middleware\\ConvertEmptyStringsToNull->handle()
#44 /home/1216096.cloudwaysapps.com/fcmhbgzmxb/public_html/vendor/laravel/framework/src/Illuminate/Foundation/Http/Middleware/TransformsRequest.php(21): Illuminate\\Pipeline\\Pipeline->{closure:{closure:Illuminate\\Pipeline\\Pipeline::carry():158}:159}()
#45 /home/1216096.cloudwaysapps.com/fcmhbgzmxb/public_html/vendor/laravel/framework/src/Illuminate/Foundation/Http/Middleware/TrimStrings.php(40): Illuminate\\Foundation\\Http\\Middleware\\TransformsRequest->handle()
#46 /home/1216096.cloudwaysapps.com/fcmhbgzmxb/public_html/vendor/laravel/framework/src/Illuminate/Pipeline/Pipeline.php(183): Illuminate\\Foundation\\Http\\Middleware\\TrimStrings->handle()
#47 /home/1216096.cloudwaysapps.com/fcmhbgzmxb/public_html/vendor/laravel/framework/src/Illuminate/Foundation/Http/Middleware/ValidatePostSize.php(27): Illuminate\\Pipeline\\Pipeline->{closure:{closure:Illuminate\\Pipeline\\Pipeline::carry():158}:159}()
#48 /home/1216096.cloudwaysapps.com/fcmhbgzmxb/public_html/vendor/laravel/framework/src/Illuminate/Pipeline/Pipeline.php(183): Illuminate\\Foundation\\Http\\Middleware\\ValidatePostSize->handle()
#49 /home/1216096.cloudwaysapps.com/fcmhbgzmxb/public_html/vendor/laravel/framework/src/Illuminate/Pipeline/Pipeline.php(119): Illuminate\\Pipeline\\Pipeline->{closure:{closure:Illuminate\\Pipeline\\Pipeline::carry():158}:159}()
#50 /home/1216096.cloudwaysapps.com/fcmhbgzmxb/public_html/vendor/laravel/framework/src/Illuminate/Foundation/Http/Kernel.php(175): Illuminate\\Pipeline\\Pipeline->then()
#51 /home/1216096.cloudwaysapps.com/fcmhbgzmxb/public_html/vendor/laravel/framework/src/Illuminate/Foundation/Http/Kernel.php(144): Illuminate\\Foundation\\Http\\Kernel->sendRequestThroughRouter()
#52 /home/1216096.cloudwaysapps.com/fcmhbgzmxb/public_html/index.php(56): Illuminate\\Foundation\\Http\\Kernel->handle()
#53 {main}
"} 
[2026-08-18 18:14:45] production.ERROR: Attempt to read property "meta_title" on null (View: /home/1216096.cloudwaysapps.com/fcmhbgzmxb/public_html/resources/views/frontend/blog/details.blade.php) {"exception":"[object] (Illuminate\\View\\ViewException(code: 0): Attempt to read property \"meta_title\" on null (View: /home/1216096.cloudwaysapps.com/fcmhbgzmxb/public_html/resources/views/frontend/blog/details.blade.php) at /home/1216096.cloudwaysapps.com/fcmhbgzmxb/public_html/storage/framework/views/8cbc4f9eae0878dd9bd3a8fa0f659a04.php:3)
[stacktrace]
#0 /home/1216096.cloudwaysapps.com/fcmhbgzmxb/public_html/vendor/laravel/framework/src/Illuminate/View/Engines/PhpEngine.php(60): Illuminate\\View\\Engines\\CompilerEngine->handleViewException()
#1 /home/1216096.cloudwaysapps.com/fcmhbgzmxb/public_html/vendor/laravel/framework/src/Illuminate/View/Engines/CompilerEngine.php(72): Illuminate\\View\\Engines\\PhpEngine->evaluatePath()
#2 /home/1216096.cloudwaysapps.com/fcmhbgzmxb/public_html/vendor/laravel/framework/src/Illuminate/View/View.php(207): Illuminate\\View\\Engines\\CompilerEngine->get()
#3 /home/1216096.cloudwaysapps.com/fcmhbgzmxb/public_html/vendor/laravel/framework/src/Illuminate/View/View.php(190): Illuminate\\View\\View->getContents()
#4 /home/1216096.cloudwaysapps.com/fcmhbgzmxb/public_html/vendor/laravel/framework/src/Illuminate/View/View.php(159): Illuminate\\View\\View->renderContents()
#5 /home/1216096.cloudwaysapps.com/fcmhbgzmxb/public_html/vendor/laravel/framework/src/Illuminate/Http/Response.php(69): Illuminate\\View\\View->render()
#6 /home/1216096.cloudwaysapps.com/fcmhbgzmxb/public_html/vendor/laravel/framework/src/Illuminate/Http/Response.php(35): Illuminate\\Http\\Response->setContent()
#7 /home/1216096.cloudwaysapps.com/fcmhbgzmxb/public_html/vendor/laravel/framework/src/Illuminate/Routing/Router.php(918): Illuminate\\Http\\Response->__construct()
#8 /home/1216096.cloudwaysapps.com/fcmhbgzmxb/public_html/vendor/laravel/framework/src/Illuminate/Routing/Router.php(885): Illuminate\\Routing\\Router::toResponse()
#9 /home/1216096.cloudwaysapps.com/fcmhbgzmxb/public_html/vendor/laravel/framework/src/Illuminate/Routing/Router.php(805): Illuminate\\Routing\\Router->prepareResponse()
#10 /home/1216096.cloudwaysapps.com/fcmhbgzmxb/public_html/vendor/laravel/framework/src/Illuminate/Pipeline/Pipeline.php(144): Illuminate\\Routing\\Router->{closure:Illuminate\\Routing\\Router::runRouteWithinStack():805}()
#11 /home/1216096.cloudwaysapps.com/fcmhbgzmxb/public_html/app/Http/Middleware/CheckForMaintenanceMode.php(64): Illuminate\\Pipeline\\Pipeline->{closure:Illuminate\\Pipeline\\Pipeline::prepareDestination():142}()
#12 /home/1216096.cloudwaysapps.com/fcmhbgzmxb/public_html/vendor/laravel/framework/src/Illuminate/Pipeline/Pipeline.php(183): App\\Http\\Middleware\\CheckForMaintenanceMode->handle()
#13 /home/1216096.cloudwaysapps.com/fcmhbgzmxb/public_html/app/Http/Middleware/HttpsProtocol.php(20): Illuminate\\Pipeline\\Pipeline->{closure:{closure:Illuminate\\Pipeline\\Pipeline::carry():158}:159}()
#14 /home/1216096.cloudwaysapps.com/fcmhbgzmxb/public_html/vendor/laravel/framework/src/Illuminate/Pipeline/Pipeline.php(183): App\\Http\\Middleware\\HttpsProtocol->handle()
#15 /home/1216096.cloudwaysapps.com/fcmhbgzmxb/public_html/app/Http/Middleware/Language.php(35): Illuminate\\Pipeline\\Pipeline->{closure:{closure:Illuminate\\Pipeline\\Pipeline::carry():158}:159}()
#16 /home/1216096.cloudwaysapps.com/fcmhbgzmxb/public_html/vendor/laravel/framework/src/Illuminate/Pipeline/Pipeline.php(183): App\\Http\\Middleware\\Language->handle()
#17 /home/1216096.cloudwaysapps.com/fcmhbgzmxb/public_html/vendor/laravel/framework/src/Illuminate/Routing/Middleware/SubstituteBindings.php(50): Illuminate\\Pipeline\\Pipeline->{closure:{closure:Illuminate\\Pipeline\\Pipeline::carry():158}:159}()
#18 /home/1216096.cloudwaysapps.com/fcmhbgzmxb/public_html/vendor/laravel/framework/src/Illuminate/Pipeline/Pipeline.php(183): Illuminate\\Routing\\Middleware\\SubstituteBindings->handle()
#19 /home/1216096.cloudwaysapps.com/fcmhbgzmxb/public_html/vendor/laravel/framework/src/Illuminate/Foundation/Http/Middleware/VerifyCsrfToken.php(78): Illuminate\\Pipeline\\Pipeline->{closure:{closure:Illuminate\\Pipeline\\Pipeline::carry():158}:159}()
#20 /home/1216096.cloudwaysapps.com/fcmhbgzmxb/public_html/vendor/laravel/framework/src/Illuminate/Pipeline/Pipeline.php(183): Illuminate\\Foundation\\Http\\Middleware\\VerifyCsrfToken->handle()
#21 /home/1216096.cloudwaysapps.com/fcmhbgzmxb/public_html/vendor/laravel/framework/src/Illuminate/Cookie/Middleware/AddQueuedCookiesToResponse.php(37): Illuminate\\Pipeline\\Pipeline->{closure:{closure:Illuminate\\Pipeline\\Pipeline::carry():158}:159}()
#22 /home/1216096.cloudwaysapps.com/fcmhbgzmxb/public_html/vendor/laravel/framework/src/Illuminate/Pipeline/Pipeline.php(183): Illuminate\\Cookie\\Middleware\\AddQueuedCookiesToResponse->handle()
#23 /home/1216096.cloudwaysapps.com/fcmhbgzmxb/public_html/vendor/laravel/framework/src/Illuminate/Pipeline/Pipeline.php(119): Illuminate\\Pipeline\\Pipeline->{closure:{closure:Illuminate\\Pipeline\\Pipeline::carry():158}:159}()
#24 /home/1216096.cloudwaysapps.com/fcmhbgzmxb/public_html/vendor/laravel/framework/src/Illuminate/Routing/Router.php(805): Illuminate\\Pipeline\\Pipeline->then()
#25 /home/1216096.cloudwaysapps.com/fcmhbgzmxb/public_html/vendor/laravel/framework/src/Illuminate/Routing/Router.php(784): Illuminate\\Routing\\Router->runRouteWithinStack()
#26 /home/1216096.cloudwaysapps.com/fcmhbgzmxb/public_html/vendor/laravel/framework/src/Illuminate/Routing/Router.php(748): Illuminate\\Routing\\Router->runRoute()
#27 /home/1216096.cloudwaysapps.com/fcmhbgzmxb/public_html/vendor/laravel/framework/src/Illuminate/Routing/Router.php(737): Illuminate\\Routing\\Router->dispatchToRoute()
#28 /home/1216096.cloudwaysapps.com/fcmhbgzmxb/public_html/vendor/laravel/framework/src/Illuminate/Foundation/Http/Kernel.php(200): Illuminate\\Routing\\Router->dispatch()
#29 /home/1216096.cloudwaysapps.com/fcmhbgzmxb/public_html/vendor/laravel/framework/src/Illuminate/Pipeline/Pipeline.php(144): Illuminate\\Foundation\\Http\\Kernel->{closure:Illuminate\\Foundation\\Http\\Kernel::dispatchToRouter():197}()
#30 /home/1216096.cloudwaysapps.com/fcmhbgzmxb/public_html/vendor/laravel/framework/src/Illuminate/View/Middleware/ShareErrorsFromSession.php(49): Illuminate\\Pipeline\\Pipeline->{closure:Illuminate\\Pipeline\\Pipeline::prepareDestination():142}()
#31 /home/1216096.cloudwaysapps.com/fcmhbgzmxb/public_html/vendor/laravel/framework/src/Illuminate/Pipeline/Pipeline.php(183): Illuminate\\View\\Middleware\\ShareErrorsFromSession->handle()
#32 /home/1216096.cloudwaysapps.com/fcmhbgzmxb/public_html/vendor/laravel/framework/src/Illuminate/Session/Middleware/StartSession.php(121): Illuminate\\Pipeline\\Pipeline->{closure:{closure:Illuminate\\Pipeline\\Pipeline::carry():158}:159}()
#33 /home/1216096.cloudwaysapps.com/fcmhbgzmxb/public_html/vendor/laravel/framework/src/Illuminate/Session/Middleware/StartSession.php(64): Illuminate\\Session\\Middleware\\StartSession->handleStatefulRequest()
#34 /home/1216096.cloudwaysapps.com/fcmhbgzmxb/public_html/vendor/laravel/framework/src/Illuminate/Pipeline/Pipeline.php(183): Illuminate\\Session\\Middleware\\StartSession->handle()
#35 /home/1216096.cloudwaysapps.com/fcmhbgzmxb/public_html/vendor/laravel/framework/src/Illuminate/Http/Middleware/TrustProxies.php(39): Illuminate\\Pipeline\\Pipeline->{closure:{closure:Illuminate\\Pipeline\\Pipeline::carry():158}:159}()
#36 /home/1216096.cloudwaysapps.com/fcmhbgzmxb/public_html/vendor/laravel/framework/src/Illuminate/Pipeline/Pipeline.php(183): Illuminate\\Http\\Middleware\\TrustProxies->handle()
#37 /home/1216096.cloudwaysapps.com/fcmhbgzmxb/public_html/vendor/laravel/framework/src/Illuminate/Foundation/Http/Middleware/TransformsRequest.php(21): Illuminate\\Pipeline\\Pipeline->{closure:{closure:Illuminate\\Pipeline\\Pipeline::carry():158}:159}()
#38 /home/1216096.cloudwaysapps.com/fcmhbgzmxb/public_html/vendor/laravel/framework/src/Illuminate/Foundation/Http/Middleware/ConvertEmptyStringsToNull.php(31): Illuminate\\Foundation\\Http\\Middleware\\TransformsRequest->handle()
#39 /home/1216096.cloudwaysapps.com/fcmhbgzmxb/public_html/vendor/laravel/framework/src/Illuminate/Pipeline/Pipeline.php(183): Illuminate\\Foundation\\Http\\Middleware\\ConvertEmptyStringsToNull->handle()
#40 /home/1216096.cloudwaysapps.com/fcmhbgzmxb/public_html/vendor/laravel/framework/src/Illuminate/Foundation/Http/Middleware/TransformsRequest.php(21): Illuminate\\Pipeline\\Pipeline->{closure:{closure:Illuminate\\Pipeline\\Pipeline::carry():158}:159}()
#41 /home/1216096.cloudwaysapps.com/fcmhbgzmxb/public_html/vendor/laravel/framework/src/Illuminate/Foundation/Http/Middleware/TrimStrings.php(40): Illuminate\\Foundation\\Http\\Middleware\\TransformsRequest->handle()
#42 /home/1216096.cloudwaysapps.com/fcmhbgzmxb/public_html/vendor/laravel/framework/src/Illuminate/Pipeline/Pipeline.php(183): Illuminate\\Foundation\\Http\\Middleware\\TrimStrings->handle()
#43 /home/1216096.cloudwaysapps.com/fcmhbgzmxb/public_html/vendor/laravel/framework/src/Illuminate/Foundation/Http/Middleware/ValidatePostSize.php(27): Illuminate\\Pipeline\\Pipeline->{closure:{closure:Illuminate\\Pipeline\\Pipeline::carry():158}:159}()
#44 /home/1216096.cloudwaysapps.com/fcmhbgzmxb/public_html/vendor/laravel/framework/src/Illuminate/Pipeline/Pipeline.php(183): Illuminate\\Foundation\\Http\\Middleware\\ValidatePostSize->handle()
#45 /home/1216096.cloudwaysapps.com/fcmhbgzmxb/public_html/vendor/laravel/framework/src/Illuminate/Pipeline/Pipeline.php(119): Illuminate\\Pipeline\\Pipeline->{closure:{closure:Illuminate\\Pipeline\\Pipeline::carry():158}:159}()
#46 /home/1216096.cloudwaysapps.com/fcmhbgzmxb/public_html/vendor/laravel/framework/src/Illuminate/Foundation/Http/Kernel.php(175): Illuminate\\Pipeline\\Pipeline->then()
#47 /home/1216096.cloudwaysapps.com/fcmhbgzmxb/public_html/vendor/laravel/framework/src/Illuminate/Foundation/Http/Kernel.php(144): Illuminate\\Foundation\\Http\\Kernel->sendRequestThroughRouter()
#48 /home/1216096.cloudwaysapps.com/fcmhbgzmxb/public_html/index.php(56): Illuminate\\Foundation\\Http\\Kernel->handle()
#49 {main}

[previous exception] [object] (ErrorException(code: 0): Attempt to read property \"meta_title\" on null at /home/1216096.cloudwaysapps.com/fcmhbgzmxb/public_html/storage/framework/views/8cbc4f9eae0878dd9bd3a8fa0f659a04.php:3)
[stacktrace]
#0 /home/1216096.cloudwaysapps.com/fcmhbgzmxb/public_html/vendor/laravel/framework/src/Illuminate/Foundation/Bootstrap/HandleExceptions.php(255): Illuminate\\Foundation\\Bootstrap\\HandleExceptions->handleError()
#1 /home/1216096.cloudwaysapps.com/fcmhbgzmxb/public_html/storage/framework/views/8cbc4f9eae0878dd9bd3a8fa0f659a04.php(3): Illuminate\\Foundation\\Bootstrap\\HandleExceptions->{closure:Illuminate\\Foundation\\Bootstrap\\HandleExceptions::forwardsTo():254}()
#2 /home/1216096.cloudwaysapps.com/fcmhbgzmxb/public_html/vendor/laravel/framework/src/Illuminate/Filesystem/Filesystem.php(123): require('/home/1216096.c...')
#3 /home/1216096.cloudwaysapps.com/fcmhbgzmxb/public_html/vendor/laravel/framework/src/Illuminate/Filesystem/Filesystem.php(124): Illuminate\\Filesystem\\Filesystem::{closure:Illuminate\\Filesystem\\Filesystem::getRequire():120}()
#4 /home/1216096.cloudwaysapps.com/fcmhbgzmxb/public_html/vendor/laravel/framework/src/Illuminate/View/Engines/PhpEngine.php(58): Illuminate\\Filesystem\\Filesystem->getRequire()
#5 /home/1216096.cloudwaysapps.com/fcmhbgzmxb/public_html/vendor/laravel/framework/src/Illuminate/View/Engines/CompilerEngine.php(72): Illuminate\\View\\Engines\\PhpEngine->evaluatePath()
#6 /home/1216096.cloudwaysapps.com/fcmhbgzmxb/public_html/vendor/laravel/framework/src/Illuminate/View/View.php(207): Illuminate\\View\\Engines\\CompilerEngine->get()
#7 /home/1216096.cloudwaysapps.com/fcmhbgzmxb/public_html/vendor/laravel/framework/src/Illuminate/View/View.php(190): Illuminate\\View\\View->getContents()
#8 /home/1216096.cloudwaysapps.com/fcmhbgzmxb/public_html/vendor/laravel/framework/src/Illuminate/View/View.php(159): Illuminate\\View\\View->renderContents()
#9 /home/1216096.cloudwaysapps.com/fcmhbgzmxb/public_html/vendor/laravel/framework/src/Illuminate/Http/Response.php(69): Illuminate\\View\\View->render()
#10 /home/1216096.cloudwaysapps.com/fcmhbgzmxb/public_html/vendor/laravel/framework/src/Illuminate/Http/Response.php(35): Illuminate\\Http\\Response->setContent()
#11 /home/1216096.cloudwaysapps.com/fcmhbgzmxb/public_html/vendor/laravel/framework/src/Illuminate/Routing/Router.php(918): Illuminate\\Http\\Response->__construct()
#12 /home/1216096.cloudwaysapps.com/fcmhbgzmxb/public_html/vendor/laravel/framework/src/Illuminate/Routing/Router.php(885): Illuminate\\Routing\\Router::toResponse()
#13 /home/1216096.cloudwaysapps.com/fcmhbgzmxb/public_html/vendor/laravel/framework/src/Illuminate/Routing/Router.php(805): Illuminate\\Routing\\Router->prepareResponse()
#14 /home/1216096.cloudwaysapps.com/fcmhbgzmxb/public_html/vendor/laravel/framework/src/Illuminate/Pipeline/Pipeline.php(144): Illuminate\\Routing\\Router->{closure:Illuminate\\Routing\\Router::runRouteWithinStack():805}()
#15 /home/1216096.cloudwaysapps.com/fcmhbgzmxb/public_html/app/Http/Middleware/CheckForMaintenanceMode.php(64): Illuminate\\Pipeline\\Pipeline->{closure:Illuminate\\Pipeline\\Pipeline::prepareDestination():142}()
#16 /home/1216096.cloudwaysapps.com/fcmhbgzmxb/public_html/vendor/laravel/framework/src/Illuminate/Pipeline/Pipeline.php(183): App\\Http\\Middleware\\CheckForMaintenanceMode->handle()
#17 /home/1216096.cloudwaysapps.com/fcmhbgzmxb/public_html/app/Http/Middleware/HttpsProtocol.php(20): Illuminate\\Pipeline\\Pipeline->{closure:{closure:Illuminate\\Pipeline\\Pipeline::carry():158}:159}()
#18 /home/1216096.cloudwaysapps.com/fcmhbgzmxb/public_html/vendor/laravel/framework/src/Illuminate/Pipeline/Pipeline.php(183): App\\Http\\Middleware\\HttpsProtocol->handle()
#19 /home/1216096.cloudwaysapps.com/fcmhbgzmxb/public_html/app/Http/Middleware/Language.php(35): Illuminate\\Pipeline\\Pipeline->{closure:{closure:Illuminate\\Pipeline\\Pipeline::carry():158}:159}()
#20 /home/1216096.cloudwaysapps.com/fcmhbgzmxb/public_html/vendor/laravel/framework/src/Illuminate/Pipeline/Pipeline.php(183): App\\Http\\Middleware\\Language->handle()
#21 /home/1216096.cloudwaysapps.com/fcmhbgzmxb/public_html/vendor/laravel/framework/src/Illuminate/Routing/Middleware/SubstituteBindings.php(50): Illuminate\\Pipeline\\Pipeline->{closure:{closure:Illuminate\\Pipeline\\Pipeline::carry():158}:159}()
#22 /home/1216096.cloudwaysapps.com/fcmhbgzmxb/public_html/vendor/laravel/framework/src/Illuminate/Pipeline/Pipeline.php(183): Illuminate\\Routing\\Middleware\\SubstituteBindings->handle()
#23 /home/1216096.cloudwaysapps.com/fcmhbgzmxb/public_html/vendor/laravel/framework/src/Illuminate/Foundation/Http/Middleware/VerifyCsrfToken.php(78): Illuminate\\Pipeline\\Pipeline->{closure:{closure:Illuminate\\Pipeline\\Pipeline::carry():158}:159}()
#24 /home/1216096.cloudwaysapps.com/fcmhbgzmxb/public_html/vendor/laravel/framework/src/Illuminate/Pipeline/Pipeline.php(183): Illuminate\\Foundation\\Http\\Middleware\\VerifyCsrfToken->handle()
#25 /home/1216096.cloudwaysapps.com/fcmhbgzmxb/public_html/vendor/laravel/framework/src/Illuminate/Cookie/Middleware/AddQueuedCookiesToResponse.php(37): Illuminate\\Pipeline\\Pipeline->{closure:{closure:Illuminate\\Pipeline\\Pipeline::carry():158}:159}()
#26 /home/1216096.cloudwaysapps.com/fcmhbgzmxb/public_html/vendor/laravel/framework/src/Illuminate/Pipeline/Pipeline.php(183): Illuminate\\Cookie\\Middleware\\AddQueuedCookiesToResponse->handle()
#27 /home/1216096.cloudwaysapps.com/fcmhbgzmxb/public_html/vendor/laravel/framework/src/Illuminate/Pipeline/Pipeline.php(119): Illuminate\\Pipeline\\Pipeline->{closure:{closure:Illuminate\\Pipeline\\Pipeline::carry():158}:159}()
#28 /home/1216096.cloudwaysapps.com/fcmhbgzmxb/public_html/vendor/laravel/framework/src/Illuminate/Routing/Router.php(805): Illuminate\\Pipeline\\Pipeline->then()
#29 /home/1216096.cloudwaysapps.com/fcmhbgzmxb/public_html/vendor/laravel/framework/src/Illuminate/Routing/Router.php(784): Illuminate\\Routing\\Router->runRouteWithinStack()
#30 /home/1216096.cloudwaysapps.com/fcmhbgzmxb/public_html/vendor/laravel/framework/src/Illuminate/Routing/Router.php(748): Illuminate\\Routing\\Router->runRoute()
#31 /home/1216096.cloudwaysapps.com/fcmhbgzmxb/public_html/vendor/laravel/framework/src/Illuminate/Routing/Router.php(737): Illuminate\\Routing\\Router->dispatchToRoute()
#32 /home/1216096.cloudwaysapps.com/fcmhbgzmxb/public_html/vendor/laravel/framework/src/Illuminate/Foundation/Http/Kernel.php(200): Illuminate\\Routing\\Router->dispatch()
#33 /home/1216096.cloudwaysapps.com/fcmhbgzmxb/public_html/vendor/laravel/framework/src/Illuminate/Pipeline/Pipeline.php(144): Illuminate\\Foundation\\Http\\Kernel->{closure:Illuminate\\Foundation\\Http\\Kernel::dispatchToRouter():197}()
#34 /home/1216096.cloudwaysapps.com/fcmhbgzmxb/public_html/vendor/laravel/framework/src/Illuminate/View/Middleware/ShareErrorsFromSession.php(49): Illuminate\\Pipeline\\Pipeline->{closure:Illuminate\\Pipeline\\Pipeline::prepareDestination():142}()
#35 /home/1216096.cloudwaysapps.com/fcmhbgzmxb/public_html/vendor/laravel/framework/src/Illuminate/Pipeline/Pipeline.php(183): Illuminate\\View\\Middleware\\ShareErrorsFromSession->handle()
#36 /home/1216096.cloudwaysapps.com/fcmhbgzmxb/public_html/vendor/laravel/framework/src/Illuminate/Session/Middleware/StartSession.php(121): Illuminate\\Pipeline\\Pipeline->{closure:{closure:Illuminate\\Pipeline\\Pipeline::carry():158}:159}()
#37 /home/1216096.cloudwaysapps.com/fcmhbgzmxb/public_html/vendor/laravel/framework/src/Illuminate/Session/Middleware/StartSession.php(64): Illuminate\\Session\\Middleware\\StartSession->handleStatefulRequest()
#38 /home/1216096.cloudwaysapps.com/fcmhbgzmxb/public_html/vendor/laravel/framework/src/Illuminate/Pipeline/Pipeline.php(183): Illuminate\\Session\\Middleware\\StartSession->handle()
#39 /home/1216096.cloudwaysapps.com/fcmhbgzmxb/public_html/vendor/laravel/framework/src/Illuminate/Http/Middleware/TrustProxies.php(39): Illuminate\\Pipeline\\Pipeline->{closure:{closure:Illuminate\\Pipeline\\Pipeline::carry():158}:159}()
#40 /home/1216096.cloudwaysapps.com/fcmhbgzmxb/public_html/vendor/laravel/framework/src/Illuminate/Pipeline/Pipeline.php(183): Illuminate\\Http\\Middleware\\TrustProxies->handle()
#41 /home/1216096.cloudwaysapps.com/fcmhbgzmxb/public_html/vendor/laravel/framework/src/Illuminate/Foundation/Http/Middleware/TransformsRequest.php(21): Illuminate\\Pipeline\\Pipeline->{closure:{closure:Illuminate\\Pipeline\\Pipeline::carry():158}:159}()
#42 /home/1216096.cloudwaysapps.com/fcmhbgzmxb/public_html/vendor/laravel/framework/src/Illuminate/Foundation/Http/Middleware/ConvertEmptyStringsToNull.php(31): Illuminate\\Foundation\\Http\\Middleware\\TransformsRequest->handle()
#43 /home/1216096.cloudwaysapps.com/fcmhbgzmxb/public_html/vendor/laravel/framework/src/Illuminate/Pipeline/Pipeline.php(183): Illuminate\\Foundation\\Http\\Middleware\\ConvertEmptyStringsToNull->handle()
#44 /home/1216096.cloudwaysapps.com/fcmhbgzmxb/public_html/vendor/laravel/framework/src/Illuminate/Foundation/Http/Middleware/TransformsRequest.php(21): Illuminate\\Pipeline\\Pipeline->{closure:{closure:Illuminate\\Pipeline\\Pipeline::carry():158}:159}()
#45 /home/1216096.cloudwaysapps.com/fcmhbgzmxb/public_html/vendor/laravel/framework/src/Illuminate/Foundation/Http/Middleware/TrimStrings.php(40): Illuminate\\Foundation\\Http\\Middleware\\TransformsRequest->handle()
#46 /home/1216096.cloudwaysapps.com/fcmhbgzmxb/public_html/vendor/laravel/framework/src/Illuminate/Pipeline/Pipeline.php(183): Illuminate\\Foundation\\Http\\Middleware\\TrimStrings->handle()
#47 /home/1216096.cloudwaysapps.com/fcmhbgzmxb/public_html/vendor/laravel/framework/src/Illuminate/Foundation/Http/Middleware/ValidatePostSize.php(27): Illuminate\\Pipeline\\Pipeline->{closure:{closure:Illuminate\\Pipeline\\Pipeline::carry():158}:159}()
#48 /home/1216096.cloudwaysapps.com/fcmhbgzmxb/public_html/vendor/laravel/framework/src/Illuminate/Pipeline/Pipeline.php(183): Illuminate\\Foundation\\Http\\Middleware\\ValidatePostSize->handle()
#49 /home/1216096.cloudwaysapps.com/fcmhbgzmxb/public_html/vendor/laravel/framework/src/Illuminate/Pipeline/Pipeline.php(119): Illuminate\\Pipeline\\Pipeline->{closure:{closure:Illuminate\\Pipeline\\Pipeline::carry():158}:159}()
#50 /home/1216096.cloudwaysapps.com/fcmhbgzmxb/public_html/vendor/laravel/framework/src/Illuminate/Foundation/Http/Kernel.php(175): Illuminate\\Pipeline\\Pipeline->then()
#51 /home/1216096.cloudwaysapps.com/fcmhbgzmxb/public_html/vendor/laravel/framework/src/Illuminate/Foundation/Http/Kernel.php(144): Illuminate\\Foundation\\Http\\Kernel->sendRequestThroughRouter()
#52 /home/1216096.cloudwaysapps.com/fcmhbgzmxb/public_html/index.php(56): Illuminate\\Foundation\\Http\\Kernel->handle()
#53 {main}
"} 
[2026-08-18 18:16:09] production.ERROR: Attempt to read property "meta_title" on null (View: /home/1216096.cloudwaysapps.com/fcmhbgzmxb/public_html/resources/views/frontend/blog/details.blade.php) {"exception":"[object] (Illuminate\\View\\ViewException(code: 0): Attempt to read property \"meta_title\" on null (View: /home/1216096.cloudwaysapps.com/fcmhbgzmxb/public_html/resources/views/frontend/blog/details.blade.php) at /home/1216096.cloudwaysapps.com/fcmhbgzmxb/public_html/storage/framework/views/8cbc4f9eae0878dd9bd3a8fa0f659a04.php:3)
[stacktrace]
#0 /home/1216096.cloudwaysapps.com/fcmhbgzmxb/public_html/vendor/laravel/framework/src/Illuminate/View/Engines/PhpEngine.php(60): Illuminate\\View\\Engines\\CompilerEngine->handleViewException()
#1 /home/1216096.cloudwaysapps.com/fcmhbgzmxb/public_html/vendor/laravel/framework/src/Illuminate/View/Engines/CompilerEngine.php(72): Illuminate\\View\\Engines\\PhpEngine->evaluatePath()
#2 /home/1216096.cloudwaysapps.com/fcmhbgzmxb/public_html/vendor/laravel/framework/src/Illuminate/View/View.php(207): Illuminate\\View\\Engines\\CompilerEngine->get()
#3 /home/1216096.cloudwaysapps.com/fcmhbgzmxb/public_html/vendor/laravel/framework/src/Illuminate/View/View.php(190): Illuminate\\View\\View->getContents()
#4 /home/1216096.cloudwaysapps.com/fcmhbgzmxb/public_html/vendor/laravel/framework/src/Illuminate/View/View.php(159): Illuminate\\View\\View->renderContents()
#5 /home/1216096.cloudwaysapps.com/fcmhbgzmxb/public_html/vendor/laravel/framework/src/Illuminate/Http/Response.php(69): Illuminate\\View\\View->render()
#6 /home/1216096.cloudwaysapps.com/fcmhbgzmxb/public_html/vendor/laravel/framework/src/Illuminate/Http/Response.php(35): Illuminate\\Http\\Response->setContent()
#7 /home/1216096.cloudwaysapps.com/fcmhbgzmxb/public_html/vendor/laravel/framework/src/Illuminate/Routing/Router.php(918): Illuminate\\Http\\Response->__construct()
#8 /home/1216096.cloudwaysapps.com/fcmhbgzmxb/public_html/vendor/laravel/framework/src/Illuminate/Routing/Router.php(885): Illuminate\\Routing\\Router::toResponse()
#9 /home/1216096.cloudwaysapps.com/fcmhbgzmxb/public_html/vendor/laravel/framework/src/Illuminate/Routing/Router.php(805): Illuminate\\Routing\\Router->prepareResponse()
#10 /home/1216096.cloudwaysapps.com/fcmhbgzmxb/public_html/vendor/laravel/framework/src/Illuminate/Pipeline/Pipeline.php(144): Illuminate\\Routing\\Router->{closure:Illuminate\\Routing\\Router::runRouteWithinStack():805}()
#11 /home/1216096.cloudwaysapps.com/fcmhbgzmxb/public_html/app/Http/Middleware/CheckForMaintenanceMode.php(64): Illuminate\\Pipeline\\Pipeline->{closure:Illuminate\\Pipeline\\Pipeline::prepareDestination():142}()
#12 /home/1216096.cloudwaysapps.com/fcmhbgzmxb/public_html/vendor/laravel/framework/src/Illuminate/Pipeline/Pipeline.php(183): App\\Http\\Middleware\\CheckForMaintenanceMode->handle()
#13 /home/1216096.cloudwaysapps.com/fcmhbgzmxb/public_html/app/Http/Middleware/HttpsProtocol.php(20): Illuminate\\Pipeline\\Pipeline->{closure:{closure:Illuminate\\Pipeline\\Pipeline::carry():158}:159}()
#14 /home/1216096.cloudwaysapps.com/fcmhbgzmxb/public_html/vendor/laravel/framework/src/Illuminate/Pipeline/Pipeline.php(183): App\\Http\\Middleware\\HttpsProtocol->handle()
#15 /home/1216096.cloudwaysapps.com/fcmhbgzmxb/public_html/app/Http/Middleware/Language.php(35): Illuminate\\Pipeline\\Pipeline->{closure:{closure:Illuminate\\Pipeline\\Pipeline::carry():158}:159}()
#16 /home/1216096.cloudwaysapps.com/fcmhbgzmxb/public_html/vendor/laravel/framework/src/Illuminate/Pipeline/Pipeline.php(183): App\\Http\\Middleware\\Language->handle()
#17 /home/1216096.cloudwaysapps.com/fcmhbgzmxb/public_html/vendor/laravel/framework/src/Illuminate/Routing/Middleware/SubstituteBindings.php(50): Illuminate\\Pipeline\\Pipeline->{closure:{closure:Illuminate\\Pipeline\\Pipeline::carry():158}:159}()
#18 /home/1216096.cloudwaysapps.com/fcmhbgzmxb/public_html/vendor/laravel/framework/src/Illuminate/Pipeline/Pipeline.php(183): Illuminate\\Routing\\Middleware\\SubstituteBindings->handle()
#19 /home/1216096.cloudwaysapps.com/fcmhbgzmxb/public_html/vendor/laravel/framework/src/Illuminate/Foundation/Http/Middleware/VerifyCsrfToken.php(78): Illuminate\\Pipeline\\Pipeline->{closure:{closure:Illuminate\\Pipeline\\Pipeline::carry():158}:159}()
#20 /home/1216096.cloudwaysapps.com/fcmhbgzmxb/public_html/vendor/laravel/framework/src/Illuminate/Pipeline/Pipeline.php(183): Illuminate\\Foundation\\Http\\Middleware\\VerifyCsrfToken->handle()
#21 /home/1216096.cloudwaysapps.com/fcmhbgzmxb/public_html/vendor/laravel/framework/src/Illuminate/Cookie/Middleware/AddQueuedCookiesToResponse.php(37): Illuminate\\Pipeline\\Pipeline->{closure:{closure:Illuminate\\Pipeline\\Pipeline::carry():158}:159}()
#22 /home/1216096.cloudwaysapps.com/fcmhbgzmxb/public_html/vendor/laravel/framework/src/Illuminate/Pipeline/Pipeline.php(183): Illuminate\\Cookie\\Middleware\\AddQueuedCookiesToResponse->handle()
#23 /home/1216096.cloudwaysapps.com/fcmhbgzmxb/public_html/vendor/laravel/framework/src/Illuminate/Pipeline/Pipeline.php(119): Illuminate\\Pipeline\\Pipeline->{closure:{closure:Illuminate\\Pipeline\\Pipeline::carry():158}:159}()
#24 /home/1216096.cloudwaysapps.com/fcmhbgzmxb/public_html/vendor/laravel/framework/src/Illuminate/Routing/Router.php(805): Illuminate\\Pipeline\\Pipeline->then()
#25 /home/1216096.cloudwaysapps.com/fcmhbgzmxb/public_html/vendor/laravel/framework/src/Illuminate/Routing/Router.php(784): Illuminate\\Routing\\Router->runRouteWithinStack()
#26 /home/1216096.cloudwaysapps.com/fcmhbgzmxb/public_html/vendor/laravel/framework/src/Illuminate/Routing/Router.php(748): Illuminate\\Routing\\Router->runRoute()
#27 /home/1216096.cloudwaysapps.com/fcmhbgzmxb/public_html/vendor/laravel/framework/src/Illuminate/Routing/Router.php(737): Illuminate\\Routing\\Router->dispatchToRoute()
#28 /home/1216096.cloudwaysapps.com/fcmhbgzmxb/public_html/vendor/laravel/framework/src/Illuminate/Foundation/Http/Kernel.php(200): Illuminate\\Routing\\Router->dispatch()
#29 /home/1216096.cloudwaysapps.com/fcmhbgzmxb/public_html/vendor/laravel/framework/src/Illuminate/Pipeline/Pipeline.php(144): Illuminate\\Foundation\\Http\\Kernel->{closure:Illuminate\\Foundation\\Http\\Kernel::dispatchToRouter():197}()
#30 /home/1216096.cloudwaysapps.com/fcmhbgzmxb/public_html/vendor/laravel/framework/src/Illuminate/View/Middleware/ShareErrorsFromSession.php(49): Illuminate\\Pipeline\\Pipeline->{closure:Illuminate\\Pipeline\\Pipeline::prepareDestination():142}()
#31 /home/1216096.cloudwaysapps.com/fcmhbgzmxb/public_html/vendor/laravel/framework/src/Illuminate/Pipeline/Pipeline.php(183): Illuminate\\View\\Middleware\\ShareErrorsFromSession->handle()
#32 /home/1216096.cloudwaysapps.com/fcmhbgzmxb/public_html/vendor/laravel/framework/src/Illuminate/Session/Middleware/StartSession.php(121): Illuminate\\Pipeline\\Pipeline->{closure:{closure:Illuminate\\Pipeline\\Pipeline::carry():158}:159}()
#33 /home/1216096.cloudwaysapps.com/fcmhbgzmxb/public_html/vendor/laravel/framework/src/Illuminate/Session/Middleware/StartSession.php(64): Illuminate\\Session\\Middleware\\StartSession->handleStatefulRequest()
#34 /home/1216096.cloudwaysapps.com/fcmhbgzmxb/public_html/vendor/laravel/framework/src/Illuminate/Pipeline/Pipeline.php(183): Illuminate\\Session\\Middleware\\StartSession->handle()
#35 /home/1216096.cloudwaysapps.com/fcmhbgzmxb/public_html/vendor/laravel/framework/src/Illuminate/Http/Middleware/TrustProxies.php(39): Illuminate\\Pipeline\\Pipeline->{closure:{closure:Illuminate\\Pipeline\\Pipeline::carry():158}:159}()
#36 /home/1216096.cloudwaysapps.com/fcmhbgzmxb/public_html/vendor/laravel/framework/src/Illuminate/Pipeline/Pipeline.php(183): Illuminate\\Http\\Middleware\\TrustProxies->handle()
#37 /home/1216096.cloudwaysapps.com/fcmhbgzmxb/public_html/vendor/laravel/framework/src/Illuminate/Foundation/Http/Middleware/TransformsRequest.php(21): Illuminate\\Pipeline\\Pipeline->{closure:{closure:Illuminate\\Pipeline\\Pipeline::carry():158}:159}()
#38 /home/1216096.cloudwaysapps.com/fcmhbgzmxb/public_html/vendor/laravel/framework/src/Illuminate/Foundation/Http/Middleware/ConvertEmptyStringsToNull.php(31): Illuminate\\Foundation\\Http\\Middleware\\TransformsRequest->handle()
#39 /home/1216096.cloudwaysapps.com/fcmhbgzmxb/public_html/vendor/laravel/framework/src/Illuminate/Pipeline/Pipeline.php(183): Illuminate\\Foundation\\Http\\Middleware\\ConvertEmptyStringsToNull->handle()
#40 /home/1216096.cloudwaysapps.com/fcmhbgzmxb/public_html/vendor/laravel/framework/src/Illuminate/Foundation/Http/Middleware/TransformsRequest.php(21): Illuminate\\Pipeline\\Pipeline->{closure:{closure:Illuminate\\Pipeline\\Pipeline::carry():158}:159}()
#41 /home/1216096.cloudwaysapps.com/fcmhbgzmxb/public_html/vendor/laravel/framework/src/Illuminate/Foundation/Http/Middleware/TrimStrings.php(40): Illuminate\\Foundation\\Http\\Middleware\\TransformsRequest->handle()
#42 /home/1216096.cloudwaysapps.com/fcmhbgzmxb/public_html/vendor/laravel/framework/src/Illuminate/Pipeline/Pipeline.php(183): Illuminate\\Foundation\\Http\\Middleware\\TrimStrings->handle()
#43 /home/1216096.cloudwaysapps.com/fcmhbgzmxb/public_html/vendor/laravel/framework/src/Illuminate/Foundation/Http/Middleware/ValidatePostSize.php(27): Illuminate\\Pipeline\\Pipeline->{closure:{closure:Illuminate\\Pipeline\\Pipeline::carry():158}:159}()
#44 /home/1216096.cloudwaysapps.com/fcmhbgzmxb/public_html/vendor/laravel/framework/src/Illuminate/Pipeline/Pipeline.php(183): Illuminate\\Foundation\\Http\\Middleware\\ValidatePostSize->handle()
#45 /home/1216096.cloudwaysapps.com/fcmhbgzmxb/public_html/vendor/laravel/framework/src/Illuminate/Pipeline/Pipeline.php(119): Illuminate\\Pipeline\\Pipeline->{closure:{closure:Illuminate\\Pipeline\\Pipeline::carry():158}:159}()
#46 /home/1216096.cloudwaysapps.com/fcmhbgzmxb/public_html/vendor/laravel/framework/src/Illuminate/Foundation/Http/Kernel.php(175): Illuminate\\Pipeline\\Pipeline->then()
#47 /home/1216096.cloudwaysapps.com/fcmhbgzmxb/public_html/vendor/laravel/framework/src/Illuminate/Foundation/Http/Kernel.php(144): Illuminate\\Foundation\\Http\\Kernel->sendRequestThroughRouter()
#48 /home/1216096.cloudwaysapps.com/fcmhbgzmxb/public_html/index.php(56): Illuminate\\Foundation\\Http\\Kernel->handle()
#49 {main}

[previous exception] [object] (ErrorException(code: 0): Attempt to read property \"meta_title\" on null at /home/1216096.cloudwaysapps.com/fcmhbgzmxb/public_html/storage/framework/views/8cbc4f9eae0878dd9bd3a8fa0f659a04.php:3)
[stacktrace]
#0 /home/1216096.cloudwaysapps.com/fcmhbgzmxb/public_html/vendor/laravel/framework/src/Illuminate/Foundation/Bootstrap/HandleExceptions.php(255): Illuminate\\Foundation\\Bootstrap\\HandleExceptions->handleError()
#1 /home/1216096.cloudwaysapps.com/fcmhbgzmxb/public_html/storage/framework/views/8cbc4f9eae0878dd9bd3a8fa0f659a04.php(3): Illuminate\\Foundation\\Bootstrap\\HandleExceptions->{closure:Illuminate\\Foundation\\Bootstrap\\HandleExceptions::forwardsTo():254}()
#2 /home/1216096.cloudwaysapps.com/fcmhbgzmxb/public_html/vendor/laravel/framework/src/Illuminate/Filesystem/Filesystem.php(123): require('/home/1216096.c...')
#3 /home/1216096.cloudwaysapps.com/fcmhbgzmxb/public_html/vendor/laravel/framework/src/Illuminate/Filesystem/Filesystem.php(124): Illuminate\\Filesystem\\Filesystem::{closure:Illuminate\\Filesystem\\Filesystem::getRequire():120}()
#4 /home/1216096.cloudwaysapps.com/fcmhbgzmxb/public_html/vendor/laravel/framework/src/Illuminate/View/Engines/PhpEngine.php(58): Illuminate\\Filesystem\\Filesystem->getRequire()
#5 /home/1216096.cloudwaysapps.com/fcmhbgzmxb/public_html/vendor/laravel/framework/src/Illuminate/View/Engines/CompilerEngine.php(72): Illuminate\\View\\Engines\\PhpEngine->evaluatePath()
#6 /home/1216096.cloudwaysapps.com/fcmhbgzmxb/public_html/vendor/laravel/framework/src/Illuminate/View/View.php(207): Illuminate\\View\\Engines\\CompilerEngine->get()
#7 /home/1216096.cloudwaysapps.com/fcmhbgzmxb/public_html/vendor/laravel/framework/src/Illuminate/View/View.php(190): Illuminate\\View\\View->getContents()
#8 /home/1216096.cloudwaysapps.com/fcmhbgzmxb/public_html/vendor/laravel/framework/src/Illuminate/View/View.php(159): Illuminate\\View\\View->renderContents()
#9 /home/1216096.cloudwaysapps.com/fcmhbgzmxb/public_html/vendor/laravel/framework/src/Illuminate/Http/Response.php(69): Illuminate\\View\\View->render()
#10 /home/1216096.cloudwaysapps.com/fcmhbgzmxb/public_html/vendor/laravel/framework/src/Illuminate/Http/Response.php(35): Illuminate\\Http\\Response->setContent()
#11 /home/1216096.cloudwaysapps.com/fcmhbgzmxb/public_html/vendor/laravel/framework/src/Illuminate/Routing/Router.php(918): Illuminate\\Http\\Response->__construct()
#12 /home/1216096.cloudwaysapps.com/fcmhbgzmxb/public_html/vendor/laravel/framework/src/Illuminate/Routing/Router.php(885): Illuminate\\Routing\\Router::toResponse()
#13 /home/1216096.cloudwaysapps.com/fcmhbgzmxb/public_html/vendor/laravel/framework/src/Illuminate/Routing/Router.php(805): Illuminate\\Routing\\Router->prepareResponse()
#14 /home/1216096.cloudwaysapps.com/fcmhbgzmxb/public_html/vendor/laravel/framework/src/Illuminate/Pipeline/Pipeline.php(144): Illuminate\\Routing\\Router->{closure:Illuminate\\Routing\\Router::runRouteWithinStack():805}()
#15 /home/1216096.cloudwaysapps.com/fcmhbgzmxb/public_html/app/Http/Middleware/CheckForMaintenanceMode.php(64): Illuminate\\Pipeline\\Pipeline->{closure:Illuminate\\Pipeline\\Pipeline::prepareDestination():142}()
#16 /home/1216096.cloudwaysapps.com/fcmhbgzmxb/public_html/vendor/laravel/framework/src/Illuminate/Pipeline/Pipeline.php(183): App\\Http\\Middleware\\CheckForMaintenanceMode->handle()
#17 /home/1216096.cloudwaysapps.com/fcmhbgzmxb/public_html/app/Http/Middleware/HttpsProtocol.php(20): Illuminate\\Pipeline\\Pipeline->{closure:{closure:Illuminate\\Pipeline\\Pipeline::carry():158}:159}()
#18 /home/1216096.cloudwaysapps.com/fcmhbgzmxb/public_html/vendor/laravel/framework/src/Illuminate/Pipeline/Pipeline.php(183): App\\Http\\Middleware\\HttpsProtocol->handle()
#19 /home/1216096.cloudwaysapps.com/fcmhbgzmxb/public_html/app/Http/Middleware/Language.php(35): Illuminate\\Pipeline\\Pipeline->{closure:{closure:Illuminate\\Pipeline\\Pipeline::carry():158}:159}()
#20 /home/1216096.cloudwaysapps.com/fcmhbgzmxb/public_html/vendor/laravel/framework/src/Illuminate/Pipeline/Pipeline.php(183): App\\Http\\Middleware\\Language->handle()
#21 /home/1216096.cloudwaysapps.com/fcmhbgzmxb/public_html/vendor/laravel/framework/src/Illuminate/Routing/Middleware/SubstituteBindings.php(50): Illuminate\\Pipeline\\Pipeline->{closure:{closure:Illuminate\\Pipeline\\Pipeline::carry():158}:159}()
#22 /home/1216096.cloudwaysapps.com/fcmhbgzmxb/public_html/vendor/laravel/framework/src/Illuminate/Pipeline/Pipeline.php(183): Illuminate\\Routing\\Middleware\\SubstituteBindings->handle()
#23 /home/1216096.cloudwaysapps.com/fcmhbgzmxb/public_html/vendor/laravel/framework/src/Illuminate/Foundation/Http/Middleware/VerifyCsrfToken.php(78): Illuminate\\Pipeline\\Pipeline->{closure:{closure:Illuminate\\Pipeline\\Pipeline::carry():158}:159}()
#24 /home/1216096.cloudwaysapps.com/fcmhbgzmxb/public_html/vendor/laravel/framework/src/Illuminate/Pipeline/Pipeline.php(183): Illuminate\\Foundation\\Http\\Middleware\\VerifyCsrfToken->handle()
#25 /home/1216096.cloudwaysapps.com/fcmhbgzmxb/public_html/vendor/laravel/framework/src/Illuminate/Cookie/Middleware/AddQueuedCookiesToResponse.php(37): Illuminate\\Pipeline\\Pipeline->{closure:{closure:Illuminate\\Pipeline\\Pipeline::carry():158}:159}()
#26 /home/1216096.cloudwaysapps.com/fcmhbgzmxb/public_html/vendor/laravel/framework/src/Illuminate/Pipeline/Pipeline.php(183): Illuminate\\Cookie\\Middleware\\AddQueuedCookiesToResponse->handle()
#27 /home/1216096.cloudwaysapps.com/fcmhbgzmxb/public_html/vendor/laravel/framework/src/Illuminate/Pipeline/Pipeline.php(119): Illuminate\\Pipeline\\Pipeline->{closure:{closure:Illuminate\\Pipeline\\Pipeline::carry():158}:159}()
#28 /home/1216096.cloudwaysapps.com/fcmhbgzmxb/public_html/vendor/laravel/framework/src/Illuminate/Routing/Router.php(805): Illuminate\\Pipeline\\Pipeline->then()
#29 /home/1216096.cloudwaysapps.com/fcmhbgzmxb/public_html/vendor/laravel/framework/src/Illuminate/Routing/Router.php(784): Illuminate\\Routing\\Router->runRouteWithinStack()
#30 /home/1216096.cloudwaysapps.com/fcmhbgzmxb/public_html/vendor/laravel/framework/src/Illuminate/Routing/Router.php(748): Illuminate\\Routing\\Router->runRoute()
#31 /home/1216096.cloudwaysapps.com/fcmhbgzmxb/public_html/vendor/laravel/framework/src/Illuminate/Routing/Router.php(737): Illuminate\\Routing\\Router->dispatchToRoute()
#32 /home/1216096.cloudwaysapps.com/fcmhbgzmxb/public_html/vendor/laravel/framework/src/Illuminate/Foundation/Http/Kernel.php(200): Illuminate\\Routing\\Router->dispatch()
#33 /home/1216096.cloudwaysapps.com/fcmhbgzmxb/public_html/vendor/laravel/framework/src/Illuminate/Pipeline/Pipeline.php(144): Illuminate\\Foundation\\Http\\Kernel->{closure:Illuminate\\Foundation\\Http\\Kernel::dispatchToRouter():197}()
#34 /home/1216096.cloudwaysapps.com/fcmhbgzmxb/public_html/vendor/laravel/framework/src/Illuminate/View/Middleware/ShareErrorsFromSession.php(49): Illuminate\\Pipeline\\Pipeline->{closure:Illuminate\\Pipeline\\Pipeline::prepareDestination():142}()
#35 /home/1216096.cloudwaysapps.com/fcmhbgzmxb/public_html/vendor/laravel/framework/src/Illuminate/Pipeline/Pipeline.php(183): Illuminate\\View\\Middleware\\ShareErrorsFromSession->handle()
#36 /home/1216096.cloudwaysapps.com/fcmhbgzmxb/public_html/vendor/laravel/framework/src/Illuminate/Session/Middleware/StartSession.php(121): Illuminate\\Pipeline\\Pipeline->{closure:{closure:Illuminate\\Pipeline\\Pipeline::carry():158}:159}()
#37 /home/1216096.cloudwaysapps.com/fcmhbgzmxb/public_html/vendor/laravel/framework/src/Illuminate/Session/Middleware/StartSession.php(64): Illuminate\\Session\\Middleware\\StartSession->handleStatefulRequest()
#38 /home/1216096.cloudwaysapps.com/fcmhbgzmxb/public_html/vendor/laravel/framework/src/Illuminate/Pipeline/Pipeline.php(183): Illuminate\\Session\\Middleware\\StartSession->handle()
#39 /home/1216096.cloudwaysapps.com/fcmhbgzmxb/public_html/vendor/laravel/framework/src/Illuminate/Http/Middleware/TrustProxies.php(39): Illuminate\\Pipeline\\Pipeline->{closure:{closure:Illuminate\\Pipeline\\Pipeline::carry():158}:159}()
#40 /home/1216096.cloudwaysapps.com/fcmhbgzmxb/public_html/vendor/laravel/framework/src/Illuminate/Pipeline/Pipeline.php(183): Illuminate\\Http\\Middleware\\TrustProxies->handle()
#41 /home/1216096.cloudwaysapps.com/fcmhbgzmxb/public_html/vendor/laravel/framework/src/Illuminate/Foundation/Http/Middleware/TransformsRequest.php(21): Illuminate\\Pipeline\\Pipeline->{closure:{closure:Illuminate\\Pipeline\\Pipeline::carry():158}:159}()
#42 /home/1216096.cloudwaysapps.com/fcmhbgzmxb/public_html/vendor/laravel/framework/src/Illuminate/Foundation/Http/Middleware/ConvertEmptyStringsToNull.php(31): Illuminate\\Foundation\\Http\\Middleware\\TransformsRequest->handle()
#43 /home/1216096.cloudwaysapps.com/fcmhbgzmxb/public_html/vendor/laravel/framework/src/Illuminate/Pipeline/Pipeline.php(183): Illuminate\\Foundation\\Http\\Middleware\\ConvertEmptyStringsToNull->handle()
#44 /home/1216096.cloudwaysapps.com/fcmhbgzmxb/public_html/vendor/laravel/framework/src/Illuminate/Foundation/Http/Middleware/TransformsRequest.php(21): Illuminate\\Pipeline\\Pipeline->{closure:{closure:Illuminate\\Pipeline\\Pipeline::carry():158}:159}()
#45 /home/1216096.cloudwaysapps.com/fcmhbgzmxb/public_html/vendor/laravel/framework/src/Illuminate/Foundation/Http/Middleware/TrimStrings.php(40): Illuminate\\Foundation\\Http\\Middleware\\TransformsRequest->handle()
#46 /home/1216096.cloudwaysapps.com/fcmhbgzmxb/public_html/vendor/laravel/framework/src/Illuminate/Pipeline/Pipeline.php(183): Illuminate\\Foundation\\Http\\Middleware\\TrimStrings->handle()
#47 /home/1216096.cloudwaysapps.com/fcmhbgzmxb/public_html/vendor/laravel/framework/src/Illuminate/Foundation/Http/Middleware/ValidatePostSize.php(27): Illuminate\\Pipeline\\Pipeline->{closure:{closure:Illuminate\\Pipeline\\Pipeline::carry():158}:159}()
#48 /home/1216096.cloudwaysapps.com/fcmhbgzmxb/public_html/vendor/laravel/framework/src/Illuminate/Pipeline/Pipeline.php(183): Illuminate\\Foundation\\Http\\Middleware\\ValidatePostSize->handle()
#49 /home/1216096.cloudwaysapps.com/fcmhbgzmxb/public_html/vendor/laravel/framework/src/Illuminate/Pipeline/Pipeline.php(119): Illuminate\\Pipeline\\Pipeline->{closure:{closure:Illuminate\\Pipeline\\Pipeline::carry():158}:159}()
#50 /home/1216096.cloudwaysapps.com/fcmhbgzmxb/public_html/vendor/laravel/framework/src/Illuminate/Foundation/Http/Kernel.php(175): Illuminate\\Pipeline\\Pipeline->then()
#51 /home/1216096.cloudwaysapps.com/fcmhbgzmxb/public_html/vendor/laravel/framework/src/Illuminate/Foundation/Http/Kernel.php(144): Illuminate\\Foundation\\Http\\Kernel->sendRequestThroughRouter()
#52 /home/1216096.cloudwaysapps.com/fcmhbgzmxb/public_html/index.php(56): Illuminate\\Foundation\\Http\\Kernel->handle()
#53 {main}
"} 
[2026-08-18 18:17:33] production.ERROR: Attempt to read property "meta_title" on null (View: /home/1216096.cloudwaysapps.com/fcmhbgzmxb/public_html/resources/views/frontend/blog/details.blade.php) {"exception":"[object] (Illuminate\\View\\ViewException(code: 0): Attempt to read property \"meta_title\" on null (View: /home/1216096.cloudwaysapps.com/fcmhbgzmxb/public_html/resources/views/frontend/blog/details.blade.php) at /home/1216096.cloudwaysapps.com/fcmhbgzmxb/public_html/storage/framework/views/8cbc4f9eae0878dd9bd3a8fa0f659a04.php:3)
[stacktrace]
#0 /home/1216096.cloudwaysapps.com/fcmhbgzmxb/public_html/vendor/laravel/framework/src/Illuminate/View/Engines/PhpEngine.php(60): Illuminate\\View\\Engines\\CompilerEngine->handleViewException()
#1 /home/1216096.cloudwaysapps.com/fcmhbgzmxb/public_html/vendor/laravel/framework/src/Illuminate/View/Engines/CompilerEngine.php(72): Illuminate\\View\\Engines\\PhpEngine->evaluatePath()
#2 /home/1216096.cloudwaysapps.com/fcmhbgzmxb/public_html/vendor/laravel/framework/src/Illuminate/View/View.php(207): Illuminate\\View\\Engines\\CompilerEngine->get()
#3 /home/1216096.cloudwaysapps.com/fcmhbgzmxb/public_html/vendor/laravel/framework/src/Illuminate/View/View.php(190): Illuminate\\View\\View->getContents()
#4 /home/1216096.cloudwaysapps.com/fcmhbgzmxb/public_html/vendor/laravel/framework/src/Illuminate/View/View.php(159): Illuminate\\View\\View->renderContents()
#5 /home/1216096.cloudwaysapps.com/fcmhbgzmxb/public_html/vendor/laravel/framework/src/Illuminate/Http/Response.php(69): Illuminate\\View\\View->render()
#6 /home/1216096.cloudwaysapps.com/fcmhbgzmxb/public_html/vendor/laravel/framework/src/Illuminate/Http/Response.php(35): Illuminate\\Http\\Response->setContent()
#7 /home/1216096.cloudwaysapps.com/fcmhbgzmxb/public_html/vendor/laravel/framework/src/Illuminate/Routing/Router.php(918): Illuminate\\Http\\Response->__construct()
#8 /home/1216096.cloudwaysapps.com/fcmhbgzmxb/public_html/vendor/laravel/framework/src/Illuminate/Routing/Router.php(885): Illuminate\\Routing\\Router::toResponse()
#9 /home/1216096.cloudwaysapps.com/fcmhbgzmxb/public_html/vendor/laravel/framework/src/Illuminate/Routing/Router.php(805): Illuminate\\Routing\\Router->prepareResponse()
#10 /home/1216096.cloudwaysapps.com/fcmhbgzmxb/public_html/vendor/laravel/framework/src/Illuminate/Pipeline/Pipeline.php(144): Illuminate\\Routing\\Router->{closure:Illuminate\\Routing\\Router::runRouteWithinStack():805}()
#11 /home/1216096.cloudwaysapps.com/fcmhbgzmxb/public_html/app/Http/Middleware/CheckForMaintenanceMode.php(64): Illuminate\\Pipeline\\Pipeline->{closure:Illuminate\\Pipeline\\Pipeline::prepareDestination():142}()
#12 /home/1216096.cloudwaysapps.com/fcmhbgzmxb/public_html/vendor/laravel/framework/src/Illuminate/Pipeline/Pipeline.php(183): App\\Http\\Middleware\\CheckForMaintenanceMode->handle()
#13 /home/1216096.cloudwaysapps.com/fcmhbgzmxb/public_html/app/Http/Middleware/HttpsProtocol.php(20): Illuminate\\Pipeline\\Pipeline->{closure:{closure:Illuminate\\Pipeline\\Pipeline::carry():158}:159}()
#14 /home/1216096.cloudwaysapps.com/fcmhbgzmxb/public_html/vendor/laravel/framework/src/Illuminate/Pipeline/Pipeline.php(183): App\\Http\\Middleware\\HttpsProtocol->handle()
#15 /home/1216096.cloudwaysapps.com/fcmhbgzmxb/public_html/app/Http/Middleware/Language.php(35): Illuminate\\Pipeline\\Pipeline->{closure:{closure:Illuminate\\Pipeline\\Pipeline::carry():158}:159}()
#16 /home/1216096.cloudwaysapps.com/fcmhbgzmxb/public_html/vendor/laravel/framework/src/Illuminate/Pipeline/Pipeline.php(183): App\\Http\\Middleware\\Language->handle()
#17 /home/1216096.cloudwaysapps.com/fcmhbgzmxb/public_html/vendor/laravel/framework/src/Illuminate/Routing/Middleware/SubstituteBindings.php(50): Illuminate\\Pipeline\\Pipeline->{closure:{closure:Illuminate\\Pipeline\\Pipeline::carry():158}:159}()
#18 /home/1216096.cloudwaysapps.com/fcmhbgzmxb/public_html/vendor/laravel/framework/src/Illuminate/Pipeline/Pipeline.php(183): Illuminate\\Routing\\Middleware\\SubstituteBindings->handle()
#19 /home/1216096.cloudwaysapps.com/fcmhbgzmxb/public_html/vendor/laravel/framework/src/Illuminate/Foundation/Http/Middleware/VerifyCsrfToken.php(78): Illuminate\\Pipeline\\Pipeline->{closure:{closure:Illuminate\\Pipeline\\Pipeline::carry():158}:159}()
#20 /home/1216096.cloudwaysapps.com/fcmhbgzmxb/public_html/vendor/laravel/framework/src/Illuminate/Pipeline/Pipeline.php(183): Illuminate\\Foundation\\Http\\Middleware\\VerifyCsrfToken->handle()
#21 /home/1216096.cloudwaysapps.com/fcmhbgzmxb/public_html/vendor/laravel/framework/src/Illuminate/Cookie/Middleware/AddQueuedCookiesToResponse.php(37): Illuminate\\Pipeline\\Pipeline->{closure:{closure:Illuminate\\Pipeline\\Pipeline::carry():158}:159}()
#22 /home/1216096.cloudwaysapps.com/fcmhbgzmxb/public_html/vendor/laravel/framework/src/Illuminate/Pipeline/Pipeline.php(183): Illuminate\\Cookie\\Middleware\\AddQueuedCookiesToResponse->handle()
#23 /home/1216096.cloudwaysapps.com/fcmhbgzmxb/public_html/vendor/laravel/framework/src/Illuminate/Pipeline/Pipeline.php(119): Illuminate\\Pipeline\\Pipeline->{closure:{closure:Illuminate\\Pipeline\\Pipeline::carry():158}:159}()
#24 /home/1216096.cloudwaysapps.com/fcmhbgzmxb/public_html/vendor/laravel/framework/src/Illuminate/Routing/Router.php(805): Illuminate\\Pipeline\\Pipeline->then()
#25 /home/1216096.cloudwaysapps.com/fcmhbgzmxb/public_html/vendor/laravel/framework/src/Illuminate/Routing/Router.php(784): Illuminate\\Routing\\Router->runRouteWithinStack()
#26 /home/1216096.cloudwaysapps.com/fcmhbgzmxb/public_html/vendor/laravel/framework/src/Illuminate/Routing/Router.php(748): Illuminate\\Routing\\Router->runRoute()
#27 /home/1216096.cloudwaysapps.com/fcmhbgzmxb/public_html/vendor/laravel/framework/src/Illuminate/Routing/Router.php(737): Illuminate\\Routing\\Router->dispatchToRoute()
#28 /home/1216096.cloudwaysapps.com/fcmhbgzmxb/public_html/vendor/laravel/framework/src/Illuminate/Foundation/Http/Kernel.php(200): Illuminate\\Routing\\Router->dispatch()
#29 /home/1216096.cloudwaysapps.com/fcmhbgzmxb/public_html/vendor/laravel/framework/src/Illuminate/Pipeline/Pipeline.php(144): Illuminate\\Foundation\\Http\\Kernel->{closure:Illuminate\\Foundation\\Http\\Kernel::dispatchToRouter():197}()
#30 /home/1216096.cloudwaysapps.com/fcmhbgzmxb/public_html/vendor/laravel/framework/src/Illuminate/View/Middleware/ShareErrorsFromSession.php(49): Illuminate\\Pipeline\\Pipeline->{closure:Illuminate\\Pipeline\\Pipeline::prepareDestination():142}()
#31 /home/1216096.cloudwaysapps.com/fcmhbgzmxb/public_html/vendor/laravel/framework/src/Illuminate/Pipeline/Pipeline.php(183): Illuminate\\View\\Middleware\\ShareErrorsFromSession->handle()
#32 /home/1216096.cloudwaysapps.com/fcmhbgzmxb/public_html/vendor/laravel/framework/src/Illuminate/Session/Middleware/StartSession.php(121): Illuminate\\Pipeline\\Pipeline->{closure:{closure:Illuminate\\Pipeline\\Pipeline::carry():158}:159}()
#33 /home/1216096.cloudwaysapps.com/fcmhbgzmxb/public_html/vendor/laravel/framework/src/Illuminate/Session/Middleware/StartSession.php(64): Illuminate\\Session\\Middleware\\StartSession->handleStatefulRequest()
#34 /home/1216096.cloudwaysapps.com/fcmhbgzmxb/public_html/vendor/laravel/framework/src/Illuminate/Pipeline/Pipeline.php(183): Illuminate\\Session\\Middleware\\StartSession->handle()
#35 /home/1216096.cloudwaysapps.com/fcmhbgzmxb/public_html/vendor/laravel/framework/src/Illuminate/Http/Middleware/TrustProxies.php(39): Illuminate\\Pipeline\\Pipeline->{closure:{closure:Illuminate\\Pipeline\\Pipeline::carry():158}:159}()
#36 /home/1216096.cloudwaysapps.com/fcmhbgzmxb/public_html/vendor/laravel/framework/src/Illuminate/Pipeline/Pipeline.php(183): Illuminate\\Http\\Middleware\\TrustProxies->handle()
#37 /home/1216096.cloudwaysapps.com/fcmhbgzmxb/public_html/vendor/laravel/framework/src/Illuminate/Foundation/Http/Middleware/TransformsRequest.php(21): Illuminate\\Pipeline\\Pipeline->{closure:{closure:Illuminate\\Pipeline\\Pipeline::carry():158}:159}()
#38 /home/1216096.cloudwaysapps.com/fcmhbgzmxb/public_html/vendor/laravel/framework/src/Illuminate/Foundation/Http/Middleware/ConvertEmptyStringsToNull.php(31): Illuminate\\Foundation\\Http\\Middleware\\TransformsRequest->handle()
#39 /home/1216096.cloudwaysapps.com/fcmhbgzmxb/public_html/vendor/laravel/framework/src/Illuminate/Pipeline/Pipeline.php(183): Illuminate\\Foundation\\Http\\Middleware\\ConvertEmptyStringsToNull->handle()
#40 /home/1216096.cloudwaysapps.com/fcmhbgzmxb/public_html/vendor/laravel/framework/src/Illuminate/Foundation/Http/Middleware/TransformsRequest.php(21): Illuminate\\Pipeline\\Pipeline->{closure:{closure:Illuminate\\Pipeline\\Pipeline::carry():158}:159}()
#41 /home/1216096.cloudwaysapps.com/fcmhbgzmxb/public_html/vendor/laravel/framework/src/Illuminate/Foundation/Http/Middleware/TrimStrings.php(40): Illuminate\\Foundation\\Http\\Middleware\\TransformsRequest->handle()
#42 /home/1216096.cloudwaysapps.com/fcmhbgzmxb/public_html/vendor/laravel/framework/src/Illuminate/Pipeline/Pipeline.php(183): Illuminate\\Foundation\\Http\\Middleware\\TrimStrings->handle()
#43 /home/1216096.cloudwaysapps.com/fcmhbgzmxb/public_html/vendor/laravel/framework/src/Illuminate/Foundation/Http/Middleware/ValidatePostSize.php(27): Illuminate\\Pipeline\\Pipeline->{closure:{closure:Illuminate\\Pipeline\\Pipeline::carry():158}:159}()
#44 /home/1216096.cloudwaysapps.com/fcmhbgzmxb/public_html/vendor/laravel/framework/src/Illuminate/Pipeline/Pipeline.php(183): Illuminate\\Foundation\\Http\\Middleware\\ValidatePostSize->handle()
#45 /home/1216096.cloudwaysapps.com/fcmhbgzmxb/public_html/vendor/laravel/framework/src/Illuminate/Pipeline/Pipeline.php(119): Illuminate\\Pipeline\\Pipeline->{closure:{closure:Illuminate\\Pipeline\\Pipeline::carry():158}:159}()
#46 /home/1216096.cloudwaysapps.com/fcmhbgzmxb/public_html/vendor/laravel/framework/src/Illuminate/Foundation/Http/Kernel.php(175): Illuminate\\Pipeline\\Pipeline->then()
#47 /home/1216096.cloudwaysapps.com/fcmhbgzmxb/public_html/vendor/laravel/framework/src/Illuminate/Foundation/Http/Kernel.php(144): Illuminate\\Foundation\\Http\\Kernel->sendRequestThroughRouter()
#48 /home/1216096.cloudwaysapps.com/fcmhbgzmxb/public_html/index.php(56): Illuminate\\Foundation\\Http\\Kernel->handle()
#49 {main}

[previous exception] [object] (ErrorException(code: 0): Attempt to read property \"meta_title\" on null at /home/1216096.cloudwaysapps.com/fcmhbgzmxb/public_html/storage/framework/views/8cbc4f9eae0878dd9bd3a8fa0f659a04.php:3)
[stacktrace]
#0 /home/1216096.cloudwaysapps.com/fcmhbgzmxb/public_html/vendor/laravel/framework/src/Illuminate/Foundation/Bootstrap/HandleExceptions.php(255): Illuminate\\Foundation\\Bootstrap\\HandleExceptions->handleError()
#1 /home/1216096.cloudwaysapps.com/fcmhbgzmxb/public_html/storage/framework/views/8cbc4f9eae0878dd9bd3a8fa0f659a04.php(3): Illuminate\\Foundation\\Bootstrap\\HandleExceptions->{closure:Illuminate\\Foundation\\Bootstrap\\HandleExceptions::forwardsTo():254}()
#2 /home/1216096.cloudwaysapps.com/fcmhbgzmxb/public_html/vendor/laravel/framework/src/Illuminate/Filesystem/Filesystem.php(123): require('/home/1216096.c...')
#3 /home/1216096.cloudwaysapps.com/fcmhbgzmxb/public_html/vendor/laravel/framework/src/Illuminate/Filesystem/Filesystem.php(124): Illuminate\\Filesystem\\Filesystem::{closure:Illuminate\\Filesystem\\Filesystem::getRequire():120}()
#4 /home/1216096.cloudwaysapps.com/fcmhbgzmxb/public_html/vendor/laravel/framework/src/Illuminate/View/Engines/PhpEngine.php(58): Illuminate\\Filesystem\\Filesystem->getRequire()
#5 /home/1216096.cloudwaysapps.com/fcmhbgzmxb/public_html/vendor/laravel/framework/src/Illuminate/View/Engines/CompilerEngine.php(72): Illuminate\\View\\Engines\\PhpEngine->evaluatePath()
#6 /home/1216096.cloudwaysapps.com/fcmhbgzmxb/public_html/vendor/laravel/framework/src/Illuminate/View/View.php(207): Illuminate\\View\\Engines\\CompilerEngine->get()
#7 /home/1216096.cloudwaysapps.com/fcmhbgzmxb/public_html/vendor/laravel/framework/src/Illuminate/View/View.php(190): Illuminate\\View\\View->getContents()
#8 /home/1216096.cloudwaysapps.com/fcmhbgzmxb/public_html/vendor/laravel/framework/src/Illuminate/View/View.php(159): Illuminate\\View\\View->renderContents()
#9 /home/1216096.cloudwaysapps.com/fcmhbgzmxb/public_html/vendor/laravel/framework/src/Illuminate/Http/Response.php(69): Illuminate\\View\\View->render()
#10 /home/1216096.cloudwaysapps.com/fcmhbgzmxb/public_html/vendor/laravel/framework/src/Illuminate/Http/Response.php(35): Illuminate\\Http\\Response->setContent()
#11 /home/1216096.cloudwaysapps.com/fcmhbgzmxb/public_html/vendor/laravel/framework/src/Illuminate/Routing/Router.php(918): Illuminate\\Http\\Response->__construct()
#12 /home/1216096.cloudwaysapps.com/fcmhbgzmxb/public_html/vendor/laravel/framework/src/Illuminate/Routing/Router.php(885): Illuminate\\Routing\\Router::toResponse()
#13 /home/1216096.cloudwaysapps.com/fcmhbgzmxb/public_html/vendor/laravel/framework/src/Illuminate/Routing/Router.php(805): Illuminate\\Routing\\Router->prepareResponse()
#14 /home/1216096.cloudwaysapps.com/fcmhbgzmxb/public_html/vendor/laravel/framework/src/Illuminate/Pipeline/Pipeline.php(144): Illuminate\\Routing\\Router->{closure:Illuminate\\Routing\\Router::runRouteWithinStack():805}()
#15 /home/1216096.cloudwaysapps.com/fcmhbgzmxb/public_html/app/Http/Middleware/CheckForMaintenanceMode.php(64): Illuminate\\Pipeline\\Pipeline->{closure:Illuminate\\Pipeline\\Pipeline::prepareDestination():142}()
#16 /home/1216096.cloudwaysapps.com/fcmhbgzmxb/public_html/vendor/laravel/framework/src/Illuminate/Pipeline/Pipeline.php(183): App\\Http\\Middleware\\CheckForMaintenanceMode->handle()
#17 /home/1216096.cloudwaysapps.com/fcmhbgzmxb/public_html/app/Http/Middleware/HttpsProtocol.php(20): Illuminate\\Pipeline\\Pipeline->{closure:{closure:Illuminate\\Pipeline\\Pipeline::carry():158}:159}()
#18 /home/1216096.cloudwaysapps.com/fcmhbgzmxb/public_html/vendor/laravel/framework/src/Illuminate/Pipeline/Pipeline.php(183): App\\Http\\Middleware\\HttpsProtocol->handle()
#19 /home/1216096.cloudwaysapps.com/fcmhbgzmxb/public_html/app/Http/Middleware/Language.php(35): Illuminate\\Pipeline\\Pipeline->{closure:{closure:Illuminate\\Pipeline\\Pipeline::carry():158}:159}()
#20 /home/1216096.cloudwaysapps.com/fcmhbgzmxb/public_html/vendor/laravel/framework/src/Illuminate/Pipeline/Pipeline.php(183): App\\Http\\Middleware\\Language->handle()
#21 /home/1216096.cloudwaysapps.com/fcmhbgzmxb/public_html/vendor/laravel/framework/src/Illuminate/Routing/Middleware/SubstituteBindings.php(50): Illuminate\\Pipeline\\Pipeline->{closure:{closure:Illuminate\\Pipeline\\Pipeline::carry():158}:159}()
#22 /home/1216096.cloudwaysapps.com/fcmhbgzmxb/public_html/vendor/laravel/framework/src/Illuminate/Pipeline/Pipeline.php(183): Illuminate\\Routing\\Middleware\\SubstituteBindings->handle()
#23 /home/1216096.cloudwaysapps.com/fcmhbgzmxb/public_html/vendor/laravel/framework/src/Illuminate/Foundation/Http/Middleware/VerifyCsrfToken.php(78): Illuminate\\Pipeline\\Pipeline->{closure:{closure:Illuminate\\Pipeline\\Pipeline::carry():158}:159}()
#24 /home/1216096.cloudwaysapps.com/fcmhbgzmxb/public_html/vendor/laravel/framework/src/Illuminate/Pipeline/Pipeline.php(183): Illuminate\\Foundation\\Http\\Middleware\\VerifyCsrfToken->handle()
#25 /home/1216096.cloudwaysapps.com/fcmhbgzmxb/public_html/vendor/laravel/framework/src/Illuminate/Cookie/Middleware/AddQueuedCookiesToResponse.php(37): Illuminate\\Pipeline\\Pipeline->{closure:{closure:Illuminate\\Pipeline\\Pipeline::carry():158}:159}()
#26 /home/1216096.cloudwaysapps.com/fcmhbgzmxb/public_html/vendor/laravel/framework/src/Illuminate/Pipeline/Pipeline.php(183): Illuminate\\Cookie\\Middleware\\AddQueuedCookiesToResponse->handle()
#27 /home/1216096.cloudwaysapps.com/fcmhbgzmxb/public_html/vendor/laravel/framework/src/Illuminate/Pipeline/Pipeline.php(119): Illuminate\\Pipeline\\Pipeline->{closure:{closure:Illuminate\\Pipeline\\Pipeline::carry():158}:159}()
#28 /home/1216096.cloudwaysapps.com/fcmhbgzmxb/public_html/vendor/laravel/framework/src/Illuminate/Routing/Router.php(805): Illuminate\\Pipeline\\Pipeline->then()
#29 /home/1216096.cloudwaysapps.com/fcmhbgzmxb/public_html/vendor/laravel/framework/src/Illuminate/Routing/Router.php(784): Illuminate\\Routing\\Router->runRouteWithinStack()
#30 /home/1216096.cloudwaysapps.com/fcmhbgzmxb/public_html/vendor/laravel/framework/src/Illuminate/Routing/Router.php(748): Illuminate\\Routing\\Router->runRoute()
#31 /home/1216096.cloudwaysapps.com/fcmhbgzmxb/public_html/vendor/laravel/framework/src/Illuminate/Routing/Router.php(737): Illuminate\\Routing\\Router->dispatchToRoute()
#32 /home/1216096.cloudwaysapps.com/fcmhbgzmxb/public_html/vendor/laravel/framework/src/Illuminate/Foundation/Http/Kernel.php(200): Illuminate\\Routing\\Router->dispatch()
#33 /home/1216096.cloudwaysapps.com/fcmhbgzmxb/public_html/vendor/laravel/framework/src/Illuminate/Pipeline/Pipeline.php(144): Illuminate\\Foundation\\Http\\Kernel->{closure:Illuminate\\Foundation\\Http\\Kernel::dispatchToRouter():197}()
#34 /home/1216096.cloudwaysapps.com/fcmhbgzmxb/public_html/vendor/laravel/framework/src/Illuminate/View/Middleware/ShareErrorsFromSession.php(49): Illuminate\\Pipeline\\Pipeline->{closure:Illuminate\\Pipeline\\Pipeline::prepareDestination():142}()
#35 /home/1216096.cloudwaysapps.com/fcmhbgzmxb/public_html/vendor/laravel/framework/src/Illuminate/Pipeline/Pipeline.php(183): Illuminate\\View\\Middleware\\ShareErrorsFromSession->handle()
#36 /home/1216096.cloudwaysapps.com/fcmhbgzmxb/public_html/vendor/laravel/framework/src/Illuminate/Session/Middleware/StartSession.php(121): Illuminate\\Pipeline\\Pipeline->{closure:{closure:Illuminate\\Pipeline\\Pipeline::carry():158}:159}()
#37 /home/1216096.cloudwaysapps.com/fcmhbgzmxb/public_html/vendor/laravel/framework/src/Illuminate/Session/Middleware/StartSession.php(64): Illuminate\\Session\\Middleware\\StartSession->handleStatefulRequest()
#38 /home/1216096.cloudwaysapps.com/fcmhbgzmxb/public_html/vendor/laravel/framework/src/Illuminate/Pipeline/Pipeline.php(183): Illuminate\\Session\\Middleware\\StartSession->handle()
#39 /home/1216096.cloudwaysapps.com/fcmhbgzmxb/public_html/vendor/laravel/framework/src/Illuminate/Http/Middleware/TrustProxies.php(39): Illuminate\\Pipeline\\Pipeline->{closure:{closure:Illuminate\\Pipeline\\Pipeline::carry():158}:159}()
#40 /home/1216096.cloudwaysapps.com/fcmhbgzmxb/public_html/vendor/laravel/framework/src/Illuminate/Pipeline/Pipeline.php(183): Illuminate\\Http\\Middleware\\TrustProxies->handle()
#41 /home/1216096.cloudwaysapps.com/fcmhbgzmxb/public_html/vendor/laravel/framework/src/Illuminate/Foundation/Http/Middleware/TransformsRequest.php(21): Illuminate\\Pipeline\\Pipeline->{closure:{closure:Illuminate\\Pipeline\\Pipeline::carry():158}:159}()
#42 /home/1216096.cloudwaysapps.com/fcmhbgzmxb/public_html/vendor/laravel/framework/src/Illuminate/Foundation/Http/Middleware/ConvertEmptyStringsToNull.php(31): Illuminate\\Foundation\\Http\\Middleware\\TransformsRequest->handle()
#43 /home/1216096.cloudwaysapps.com/fcmhbgzmxb/public_html/vendor/laravel/framework/src/Illuminate/Pipeline/Pipeline.php(183): Illuminate\\Foundation\\Http\\Middleware\\ConvertEmptyStringsToNull->handle()
#44 /home/1216096.cloudwaysapps.com/fcmhbgzmxb/public_html/vendor/laravel/framework/src/Illuminate/Foundation/Http/Middleware/TransformsRequest.php(21): Illuminate\\Pipeline\\Pipeline->{closure:{closure:Illuminate\\Pipeline\\Pipeline::carry():158}:159}()
#45 /home/1216096.cloudwaysapps.com/fcmhbgzmxb/public_html/vendor/laravel/framework/src/Illuminate/Foundation/Http/Middleware/TrimStrings.php(40): Illuminate\\Foundation\\Http\\Middleware\\TransformsRequest->handle()
#46 /home/1216096.cloudwaysapps.com/fcmhbgzmxb/public_html/vendor/laravel/framework/src/Illuminate/Pipeline/Pipeline.php(183): Illuminate\\Foundation\\Http\\Middleware\\TrimStrings->handle()
#47 /home/1216096.cloudwaysapps.com/fcmhbgzmxb/public_html/vendor/laravel/framework/src/Illuminate/Foundation/Http/Middleware/ValidatePostSize.php(27): Illuminate\\Pipeline\\Pipeline->{closure:{closure:Illuminate\\Pipeline\\Pipeline::carry():158}:159}()
#48 /home/1216096.cloudwaysapps.com/fcmhbgzmxb/public_html/vendor/laravel/framework/src/Illuminate/Pipeline/Pipeline.php(183): Illuminate\\Foundation\\Http\\Middleware\\ValidatePostSize->handle()
#49 /home/1216096.cloudwaysapps.com/fcmhbgzmxb/public_html/vendor/laravel/framework/src/Illuminate/Pipeline/Pipeline.php(119): Illuminate\\Pipeline\\Pipeline->{closure:{closure:Illuminate\\Pipeline\\Pipeline::carry():158}:159}()
#50 /home/1216096.cloudwaysapps.com/fcmhbgzmxb/public_html/vendor/laravel/framework/src/Illuminate/Foundation/Http/Kernel.php(175): Illuminate\\Pipeline\\Pipeline->then()
#51 /home/1216096.cloudwaysapps.com/fcmhbgzmxb/public_html/vendor/laravel/framework/src/Illuminate/Foundation/Http/Kernel.php(144): Illuminate\\Foundation\\Http\\Kernel->sendRequestThroughRouter()
#52 /home/1216096.cloudwaysapps.com/fcmhbgzmxb/public_html/index.php(56): Illuminate\\Foundation\\Http\\Kernel->handle()
#53 {main}
"} 
